2.2715959408993799e-01,1.0740351290406800e+00,4.1298273672401298e-01
2.2875933699944215e-01,1.0725929106756933e+00,4.1756102376129023e-01
2.3035193772282217e-01,1.0711226651672188e+00,4.2215770541466108e-01
2.3193739705947036e-01,1.0696240182763688e+00,4.2677224204622194e-01
2.3351571931349191e-01,1.0680966008242530e+00,4.3140409161617266e-01
2.3508691229370632e-01,1.0665400486919814e+00,4.3605270968281884e-01
2.3665098726271364e-01,1.0649540025864157e+00,4.4071754942221847e-01
2.3820795847880388e-01,1.0633381060601468e+00,4.4539806196987347e-01
2.3975784434403080e-01,1.0616920113024539e+00,4.5009369655971726e-01
2.4130066690438434e-01,1.0600153770157310e+00,4.5480390085207451e-01
2.4283645161500317e-01,1.0583078673339641e+00,4.5952812101526813e-01
2.4436522734017516e-01,1.0565691518227329e+00,4.6426580172562132e-01
2.4588702635333709e-01,1.0547989054792111e+00,4.6901638616745595e-01
2.4740188433707472e-01,1.0529968087321662e+00,4.7377931603309409e-01
2.4890984038312278e-01,1.0511625474419586e+00,4.7855403152285619e-01
2.5041093699236505e-01,1.0492958129005427e+00,4.8333997134506312e-01
2.5190522007483446e-01,1.0473963018314663e+00,4.8813657271603439e-01
2.5339273894971248e-01,1.0454637163898701e+00,4.9294327136008931e-01
2.5487354634533005e-01,1.0434977641624894e+00,4.9775950150954612e-01
2.5634769839916677e-01,1.0414981581676526e+00,5.0258469590472310e-01
2.5781525465554939e-01,1.0394646168518786e+00,5.0741828580207726e-01
2.5927627707902312e-01,1.0373968637179989e+00,5.1225970558448153e-01
2.6073083128541508e-01,1.0352946321296692e+00,5.1710839155705179e-01
2.6217898695967212e-01,1.0331576630925527e+00,5.2196377765498359e-01
2.6362081695133477e-01,1.0309857030538643e+00,5.2682529776584175e-01
2.6505639727453695e-01,1.0287785039023707e+00,5.3169238572956068e-01
2.6648580710800585e-01,1.0265358229683905e+00,5.3656447533844354e-01
2.6790912879506218e-01,1.0242574230237942e+00,5.4144100033716336e-01
2.6932644784362020e-01,1.0219430722820046e+00,5.4632139442276240e-01
2.7073785292618713e-01,1.0195925443979958e+00,5.5120509124465189e-01
2.7214343587986412e-01,1.0172056184682945e+00,5.5609152440461285e-01
2.7354329170634550e-01,1.0147820790309794e+00,5.6098012745679582e-01
2.7493751857191900e-01,1.0123217160656803e+00,5.6587033390772001e-01
2.7632621780746575e-01,1.0098243249935794e+00,5.7076157721627419e-01
2.7770949387455390e-01,1.0072897066113751e+00,5.7565329086923100e-01
2.7908745289016162e-01,1.0047176658158516e+00,5.8054491353376858e-01
2.8046020490228102e-01,1.0021080190874823e+00,5.8543588772011745e-01
2.8182786369509782e-01,9.9946059027590983e-01,5.9032565596776343e-01
2.8319054585478098e-01,9.9677520795577124e-01,5.9521366198706271e-01
2.8454837076948308e-01,9.9405170542669541e-01,6.0009935065924258e-01
2.8590146062934080e-01,9.9128992071330779e-01,6.0498216803640004e-01
2.8724994042647384e-01,9.8848969656522623e-01,6.0986156134150260e-01
2.8859393795498611e-01,9.8565088045706228e-01,6.1473697896838841e-01
2.8993358381096473e-01,9.8277332458842215e-01,6.1960787048176602e-01
2.9126901139248079e-01,9.7985688588390518e-01,6.2447368661721436e-01
2.9260035689958896e-01,9.7690142599310548e-01,6.2933387928118312e-01
2.9392775933432758e-01,9.7390681129060996e-01,6.3418790155099214e-01
2.9525136050071848e-01,9.7087291287600042e-01,6.3903520767483157e-01
2.9657130468843523e-01,9.6779960596885251e-01,6.4387525356189468e-01
2.9788773721369055e-01,9.6468676983489787e-01,6.4870750291630253e-01
2.9920080804326582e-01,9.6153429636214149e-01,6.5353142427685296e-01
3.0051066996715908e-01,9.5834208217479566e-01,6.5834648787821481e-01
3.0181747812507603e-01,9.5511002734340322e-01,6.6315216585177528e-01
3.0312139000642985e-01,9.5183803538483758e-01,6.6794793222564031e-01
3.0442256545034146e-01,9.4852601326230157e-01,6.7273326292463487e-01
3.0572116664563903e-01,9.4517387138532905e-01,6.7750763577030204e-01
3.0701735813085906e-01,9.4178152360978418e-01,6.8227053048090447e-01
3.0831130679424507e-01,9.3834888723786136e-01,6.8702142867142346e-01
3.0960318187374819e-01,9.3487588301808544e-01,6.9175981385355878e-01
3.1089315495702752e-01,9.3136243514531147e-01,6.9648517143572874e-01
3.1218139998144967e-01,9.2780847126072541e-01,7.0119698872307157e-01
3.1346809323408842e-01,9.2421392245184242e-01,7.0589475491744258e-01
3.1475341222832232e-01,9.2057872137042063e-01,7.1057796243588445e-01
3.1603753624207070e-01,9.1690280742280450e-01,7.1524611387606907e-01
3.1732064896007761e-01,9.1318612979053593e-01,7.1989871693161445e-01
3.1860293596793510e-01,9.0942863963068621e-01,7.2453528120652622e-01
3.1988458469740300e-01,9.0563028994349748e-01,7.2915531820911184e-01
3.2116578442640820e-01,9.0179103557237950e-01,7.3375834135197671e-01
3.2244672627904492e-01,8.9791083320391274e-01,7.3834386595202628e-01
3.2372760322557509e-01,8.9398964136784753e-01,7.4291140923046561e-01
3.2500861008242765e-01,8.9002742043710303e-01,7.4746049031279838e-01
3.2628994351219920e-01,8.8602413262776891e-01,7.5199063022882862e-01
3.2757180202365332e-01,8.8197974199910378e-01,7.5650135191265877e-01
3.2885438597172156e-01,8.7789421445353644e-01,7.6099218020269177e-01
3.3013789755750222e-01,8.7376751773666539e-01,7.6546264184162882e-01
3.3142254076385547e-01,8.6959962130660895e-01,7.6991226544128133e-01
3.3270851934245854e-01,8.6539049389253198e-01,7.7434058386602600e-01
3.3399604083757167e-01,8.6114011438423566e-01,7.7874714248647936e-01
3.3528531558622016e-01,8.5684846565044837e-01,7.8313149019166539e-01
3.3657655526126684e-01,8.5251553076988151e-01,7.8749317690465082e-01
3.3786997287141013e-01,8.4814129303122732e-01,7.9183175358254143e-01
3.3916578276118525e-01,8.4372573593316091e-01,7.9614677221648555e-01
3.4046420061096416e-01,8.3926884318433970e-01,8.0043778583167169e-01
3.4176544343695475e-01,8.3477059870340231e-01,8.0470434848732886e-01
3.4306972959120202e-01,8.3023098661897099e-01,8.0894601527672827e-01
3.4437727876158686e-01,8.2564999126964911e-01,8.1316234232718154e-01
3.4568831197182703e-01,8.2102759720402285e-01,8.1735288680004103e-01
3.4700305158147660e-01,8.1636378918065988e-01,8.2151720689070018e-01
3.4832172128592592e-01,8.1165855216811134e-01,8.2565486182859293e-01
3.4964454570502240e-01,8.0691187070467640e-01,8.2976541145130300e-01
3.5097174908973627e-01,8.0212372930210374e-01,8.3384842076236876e-01
3.5230356031686400e-01,7.9729412151932388e-01,8.3790346832941864e-01
3.5364020978232175e-01,7.9242304115221363e-01,8.4193013341742240e-01
3.5498192874636453e-01,7.8751048087778086e-01,8.4592799449154044e-01
3.5632894933358772e-01,7.8255643225416582e-01,8.4989662921712639e-01
3.5768150453292685e-01,7.7756088572064019e-01,8.5383561445972489e-01
3.5903982819765728e-01,7.7252383059760821e-01,8.5774452628507347e-01
3.6040415504539419e-01,7.6744525508660533e-01,8.6162293995910078e-01
3.6177472065809291e-01,7.6232514627029946e-01,8.6547042994792800e-01
3.6315176148204859e-01,7.5716349011248985e-01,8.6928656991786901e-01
3.6453551482789676e-01,7.5196027145810884e-01,8.7307093273542835e-01
3.6592621887061255e-01,7.4671547403321981e-01,8.7682309046730378e-01
3.6732411264951093e-01,7.4142908044501754e-01,8.8054261438038417e-01
3.6872943537015446e-01,7.3610107153400250e-01,8.8422907372309589e-01
3.7014242634517425e-01,7.3073142948056125e-01,8.8788204292852801e-01
3.7156332952574023e-01,7.2532014260660094e-01,8.9150111007496180e-01
3.7299238968267112e-01,7.1986719796410570e-01,8.9508586067471130e-01
3.7442985205924961e-01,7.1437258083076538e-01,8.9863587662914002e-01
3.7587596237122256e-01,7.0883627470997623e-01,9.0215073622866393e-01
3.7733096680680062e-01,7.0325826133083891e-01,9.0563001415275002e-01
3.7879511202665855e-01,6.9763852064816123e-01,9.0907328146991739e-01
3.8026864516393488e-01,6.9197703084245543e-01,9.1248010563773552e-01
3.8175181382423223e-01,6.8627376831993980e-01,9.1585005050282609e-01
3.8324486608561725e-01,6.8052870771253982e-01,9.1918267630086192e-01
3.8474805049862087e-01,6.7474182187788312e-01,9.2247753965656787e-01
3.8626161608623721e-01,6.6891308189930543e-01,9.2573419358371911e-01
3.8778581234392484e-01,6.6304245708584830e-01,9.2895218748514297e-01
3.8932088859754843e-01,6.5712991496838191e-01,9.3213106534798096e-01
3.9086709432254529e-01,6.5117542548013796e-01,9.3527037288532133e-01
3.9242468382028467e-01,6.4517896241385819e-01,9.3836967079305766e-01
3.9399391197728395e-01,6.3914049848492571e-01,9.4142851396855509e-01
3.9557503386938719e-01,6.3306000507279303e-01,9.4444644996717086e-01
3.9716830476176429e-01,6.2693745222098074e-01,9.4742301900225534e-01
3.9877398010891191e-01,6.2077280863707862e-01,9.5035775394514976e-01
4.0039231555465293e-01,6.1456604169274465e-01,9.5325018032518782e-01
4.0202356693213620e-01,6.0831711742370587e-01,9.5609981632969521e-01
4.0366799026383726e-01,6.0202600052975774e-01,9.5890617280398971e-01
4.0532584176155767e-01,5.9569265437476415e-01,9.6166875325138079e-01
4.0699737782642553e-01,5.8931704098665816e-01,9.6438705383317069e-01
4.0868285504889501e-01,5.8289912105744102e-01,9.6706056336865287e-01
4.1038253020874654e-01,5.7643885394318262e-01,9.6968876333511267e-01
4.1209666002105733e-01,5.6993619808710982e-01,9.7227112688408890e-01
4.1382550094281662e-01,5.6339111710600265e-01,9.7480712136782233e-01
4.1556931445706041e-01,5.5680357691761984e-01,9.7729622986943521e-01
4.1732836296776438e-01,5.5017354366087823e-01,9.7973792788592029e-01
4.1910290891100704e-01,5.4350098416463721e-01,9.8213167916675981e-01
4.2089321475496733e-01,5.3678586594769617e-01,9.8447693571392225e-01
4.2269954299992690e-01,5.3002815721879648e-01,9.8677313778186626e-01
4.2452215617826861e-01,5.2322782687662228e-01,9.8901971387753718e-01
4.2636131685447781e-01,5.1638484450979572e-01,9.9121608076037149e-01
4.2821728762514089e-01,5.0949918039688347e-01,9.9336164344229128e-01
4.3009033111894640e-01,5.0257080550639277e-01,9.9545579518770821e-01
4.3198070999668431e-01,4.9559969149677219e-01,9.9749791751352246e-01
4.3388868695124683e-01,4.8858581071641149e-01,9.9948738018912286e-01
4.3581452470762705e-01,4.8152913620364463e-01,1.0014235412363854e+00
4.3775848586241128e-01,4.7442964236135993e-01,1.0033057461284443e+00
4.3972083302215009e-01,4.6728731462438200e-01,1.0051333291690181e+00
4.4170183419390624e-01,4.6010214000435762e-01,1.0069056391281808e+00
4.4370175845403115e-01,4.5287410813747153e-01,1.0086220140541429e+00
4.4572087485574452e-01,4.4560321348690940e-01,1.0102817754851843e+00
4.4775945242913923e-01,4.3828945534282521e-01,1.0118842284496503e+00
4.4981776018119274e-01,4.3093283782231184e-01,1.0134286614659669e+00
4.5189606709574787e-01,4.2353336986946111e-01,1.0149143465426220e+00
4.5399464213352259e-01,4.1609106525533596e-01,1.0163405391781759e+00
4.5611375423211875e-01,4.0860594257793581e-01,1.0177064783612648e+00
4.5825367230600356e-01,4.0107802526226055e-01,1.0190113865705892e+00
4.6041466524652275e-01,3.9350734156027023e-01,1.0202544697749236e+00
4.6259700192189313e-01,3.8589392455090327e-01,1.0214349174331097e+00
4.6480095117721593e-01,3.7823781214003566e-01,1.0225519024940666e+00
4.6702678163610928e-01,3.7053904883908823e-01,1.0236045803262355e+00
4.6927476290749193e-01,3.6279769985439486e-01,1.0245920942473743e+00
4.7154517053471590e-01,3.5501383074888082e-01,1.0255135992120950e+00
4.7383828086660845e-01,3.4718751545967896e-01,1.0263682335515847e+00
4.7615437022222390e-01,3.3931883969644755e-01,1.0271551145044879e+00
4.7849371489085601e-01,3.3140790094133865e-01,1.0278733382169125e+00
4.8085659113201457e-01,3.2345480844906294e-01,1.0285219797424190e+00
4.8324327517544180e-01,3.1545968324684698e-01,1.0291000930420275e+00
4.8565404322110312e-01,3.0742265813445485e-01,1.0296067109842157e+00
4.8808917143920322e-01,2.9934387768414167e-01,1.0300408453449217e+00
4.9054893597016352e-01,2.9122349824072385e-01,1.0304014868075386e+00
4.9303361292463299e-01,2.8306168792154440e-01,1.0306876049629179e+00
4.9554347838349988e-01,2.7485862661643667e-01,1.0308981483093715e+00
4.9807880839786878e-01,2.6661450598779585e-01,1.0310320442526664e+00
5.0063987870128168e-01,2.5832953593537117e-01,1.0310881980923579e+00
5.0322696825488411e-01,2.5000395743018045e-01,1.0310655105787077e+00
5.0584036166758672e-01,2.4163801118053671e-01,1.0309628854921316e+00
5.0848034376505791e-01,2.3323195820202308e-01,1.0307792033935386e+00
5.1114719929996411e-01,2.2478608190106850e-01,1.0305133203193291e+00
5.1384121295194740e-01,2.1630068807502009e-01,1.0301640677813977e+00
5.1656266932764128e-01,2.0777610491209425e-01,1.0297302527671344e+00
5.1931185296066218e-01,1.9921268299140271e-01,1.0292106577394229e+00
5.2208904831162595e-01,1.9061079528290098e-01,1.0286040406366392e+00
5.2489453976812317e-01,1.8197083714746418e-01,1.0279091348726550e+00
5.2772861164473184e-01,1.7329322633684968e-01,1.0271246493368367e+00
5.3059154818302889e-01,1.6457840299365833e-01,1.0262492683940407e+00
5.3348363355156736e-01,1.5582682965141140e-01,1.0252816518846222e+00
5.3640515184590176e-01,1.4703899126199763e-01,1.0242204351316779e+00
5.3935638877488701e-01,1.3821541588465489e-01,1.0230642423453360e+00
5.4233763614149955e-01,1.2935665800240542e-01,1.0218117023298356e+00
5.4534918699159907e-01,1.2046329069778314e-01,1.0204614214013510e+00
5.4839133417723795e-01,1.1153592376579904e-01,1.0190119810269815e+00
5.5146437035667883e-01,1.0257520371388844e-01,1.0174619378247436e+00
5.5456858799436848e-01,9.3581813761987195e-02,1.0158098235635826e+00
5.5770427936095035e-01,8.4556473842495275e-02,1.0140541451633673e+00
5.6087173653327826e-01,7.5499940600236681e-02,1.0121933846948825e+00
5.6407125139438941e-01,6.6413007392536291e-02,1.0102259993798428e+00
5.6730311563351843e-01,5.7296504289183481e-02,1.0081504215908870e+00
5.7056762074611045e-01,4.8151298072389992e-02,1.0059650588515678e+00
5.7386505803379384e-01,3.8978292236870729e-02,1.0036682938363695e+00
5.7719572016723841e-01,2.9778439707132436e-02,1.0012584985791522e+00
5.8055990506056243e-01,2.0552742633515760e-02,9.9873405301132778e-01
5.8395791105826034e-01,1.1302236509732803e-02,9.9609331116004396e-01
5.8739003603353102e-01,2.0280097063385262e-03,9.9333460608859536e-01
5.9085657739583364e-01,-7.2687963457071271e-03,9.9045625002604121e-01
5.9435783209090209e-01,-1.6586987155077386e-02,9.8745653436719594e-01
5.9789409660071724e-01,-2.5925315170000927e-02,9.8433372967265043e-01
6.0146566694351911e-01,-3.5282479778299666e-02,9.8108608566876254e-01
6.0507283867382311e-01,-4.4657127307430107e-02,9.7771183124764116e-01
6.0871590688239119e-01,-5.4047851024403695e-02,9.7420917446717537e-01
6.1239516668260430e-01,-6.3453184765814366e-02,9.7057631029331048e-01
6.1611091654997852e-01,-7.2871596266443392e-02,9.6681144468579516e-01
6.1986345594939285e-01,-8.2301502251635641e-02,9.6291276808294790e-01
6.2365308336829262e-01,-9.1741250153235893e-02,9.5887845787654213e-01
6.2748009630550883e-01,-1.0118911724344735e-01,9.5470667901600081e-01
6.3134479127127763e-01,-1.1064331063488379e-01,9.5039558400837532e-01
6.3524746378720842e-01,-1.2010196728048918e-01,9.4594331291838063e-01
6.3918840838630075e-01,-1.2956315397357904e-01,9.4134799336837682e-01
6.4316791861296074e-01,-1.3902486734787967e-01,9.3660774053835005e-01
6.4718628698796510e-01,-1.4848502775605771e-01,9.3172066410591692e-01
6.5124380774512636e-01,-1.5794147554557814e-01,9.2668489175834834e-01
6.5534077631278131e-01,-1.6739198405342781e-01,9.2149854956105848e-01
6.5947748629594005e-01,-1.7683423900476825e-01,9.1615976458366688e-01
6.6365422940310292e-01,-1.8626583763022375e-01,9.1066666541710906e-01
6.6787129544624990e-01,-1.9568428866585491e-01,9.0501738217365058e-01
6.7212897234086755e-01,-2.0508701235321386e-01,8.9921004648685543e-01
6.7642754610590816e-01,-2.1447134043926114e-01,8.9324279151163499e-01
6.8076730086381065e-01,-2.2383451617640729e-01,8.8711375192422293e-01
6.8514851866682491e-01,-2.3317368815290984e-01,8.8082107403013499e-01
6.8957148204515772e-01,-2.4248590781641063e-01,8.7436294470702691e-01
6.9403647382387335e-01,-2.5176814285506294e-01,8.6773756361706078e-01
6.9854377365308928e-01,-2.6101725412441878e-01,8.6094315387267151e-01
7.0309365790990552e-01,-2.7022999463824232e-01,8.5397796302267470e-01
7.0768639969842329e-01,-2.7940300956855069e-01,8.4684026305223514e-01
7.1232226884976457e-01,-2.8853283624565146e-01,8.3952835038283780e-01
7.1700153192203253e-01,-2.9761590415806444e-01,8.3204054587234810e-01
7.2172445220033887e-01,-3.0664853495257549e-01,8.2437519481497012e-01
7.2649128948751718e-01,-3.1562693882010628e-01,8.1653067735590090e-01
7.3130230178215039e-01,-3.2454721076796034e-01,8.0850545120728257e-01
7.3615774604921791e-01,-3.3340534490353602e-01,8.0029800964289133e-01
7.4105787424714908e-01,-3.4219721172620299e-01,7.9190690213907911e-01
7.4600293309693000e-01,-3.5091855624928925e-01,7.8333073772653372e-01
7.5099316408206140e-01,-3.5956499800000452e-01,7.7456818499035485e-01
7.5602880344857970e-01,-3.6813203101947944e-01,7.6561797207001725e-01
7.6111008220507970e-01,-3.7661502386280227e-01,7.5647888665933083e-01
7.6623722612267020e-01,-3.8500921959894396e-01,7.4714977600651955e-01
7.7141045551141085e-01,-3.9330973472520442e-01,7.3762955718451295e-01
7.7662998586436660e-01,-4.0151156060373711e-01,7.2791727522124217e-01
7.8189602918769596e-01,-4.0960957013348465e-01,7.1801204639095428e-01
7.8720878994960630e-01,-4.1759850132512277e-01,7.0791308916951834e-01
7.9256846470111242e-01,-4.2547295566395682e-01,6.9761973161227830e-01
7.9797524207606085e-01,-4.3322739810995609e-01,6.8713141135400690e-01
8.0342930279108282e-01,-4.4085615709768572e-01,6.7644767560899333e-01
8.0893081964561786e-01,-4.4835342453634064e-01,6.6556818117100258e-01
8.1447995752193791e-01,-4.5571325580977873e-01,6.5449269441322433e-01
8.2007687311726774e-01,-4.6292957163842063e-01,6.4322110409654809e-01
8.2572171466082489e-01,-4.6999617268369492e-01,6.3175349289405558e-01
8.3141462294681101e-01,-4.7690672756093316e-01,6.2009006451107918e-01
8.3715572772780056e-01,-4.8365477041281102e-01,6.0823118873576776e-01
8.4294514733736348e-01,-4.9023370181905807e-01,5.9617741156837256e-01
8.4878298869005309e-01,-4.9663678879644091e-01,5.8392945522128215e-01
8.5466934728143618e-01,-5.0285716479879794e-01,5.7148821811895401e-01
8.6060430718804526e-01,-5.0888782971698476e-01,5.5885477489801727e-01
8.6658794106740178e-01,-5.1472164987890356e-01,5.4603037640722341e-01
8.7262030974420934e-01,-5.2035136730195575e-01,5.3301647117742801e-01
8.7870146095389678e-01,-5.2576963149024403e-01,5.1981478147292504e-01
8.8483142948480931e-01,-5.3096895720114035e-01,5.0642721667383994e-01
8.9101023452489170e-01,-5.3594174952635398e-01,4.9285593676386447e-01
8.9723787945588107e-01,-5.4068030735627293e-01,4.7910336047925434e-01
9.0351435185334217e-01,-5.4517682337999251e-01,4.6517216530875627e-01
9.0983962348664993e-01,-5.4942338408530322e-01,4.5106528749364322e-01
9.1621365031902569e-01,-5.5341196975871410e-01,4.3678592202763644e-01
9.2263637250748110e-01,-5.5713445448541576e-01,4.2233752265702557e-01
9.2910771373600032e-01,-5.6058263580499101e-01,4.0772383986509880e-01
9.3562757809947694e-01,-5.6374827152430784e-01,3.9294898276843065e-01
9.4219584955778113e-01,-5.6662301667103909e-01,3.7801734313759000e-01
9.4881239142624763e-01,-5.6919847955478453e-01,3.6293365805624866e-01
9.5547704634842345e-01,-5.7146622391302337e-01,3.4770301248516849e-01
9.6218963629601062e-01,-5.7341776891109297e-01,3.3233083926232698e-01
9.6894996256889399e-01,-5.7504458914220091e-01,3.1682291910285709e-01
9.7575780579517057e-01,-5.7633811462743045e-01,3.0118538059897781e-01
9.8261292507904985e-01,-5.7728976490831829e-01,2.8542472753010301e-01
9.8951505276703933e-01,-5.7789100325215470e-01,2.6954789912993615e-01
9.9646389483453002e-01,-5.7813327191825858e-01,2.5356221820147107e-01
1.0034591317260986e+00,-5.7800806210978084e-01,2.3747543287192419e-01
1.0105004183395363e+00,-5.7750691696926393e-01,2.2129571869664916e-01
1.0175873840258807e+00,-5.7662143157864598e-01,2.0503167865906510e-01
1.0247196325894463e+00,-5.7534325295925492e-01,1.8869234317058911e-01
1.0318967416153630e+00,-5.7366410479019214e-01,1.7228718198520732e-01
1.0391182560078362e+00,-5.7157586519898440e-01,1.5582615708596215e-01
1.0463836882152695e+00,-5.6907051098035877e-01,1.3931969631419247e-01
1.0536925206048007e+00,-5.6614019081950306e-01,1.2277871041026041e-01
1.0610442054705642e+00,-5.6277723158899895e-01,1.0621459534375265e-01
1.0684381650336754e+00,-5.5897413834883014e-01,8.9639232313523109e-02
1.0758737913108378e+00,-5.5472360027598111e-01,7.3064989032278871e-02
1.0833504407909624e+00,-5.5001857721590586e-01,5.6504749443784724e-02
1.0908674309486364e+00,-5.4485227833051109e-01,3.9971919126687225e-02
1.0984240449582385e+00,-5.3921821787686308e-01,2.3480415212127705e-02
1.1060195320264252e+00,-5.3311023555438031e-01,7.0446680567762838e-03
1.1136531073921652e+00,-5.2652249650481597e-01,-9.3203787572304977e-03
1.1213239510277537e+00,-5.1944951936459671e-01,-2.5599266152388150e-02
1.1290311997035312e+00,-5.1188624966691665e-01,-4.1776000634056940e-02
1.1367739502707128e+00,-5.0382805893229032e-01,-5.7834067507327926e-02
1.1445512625343353e+00,-4.9527079883362274e-01,-7.3756444007260807e-02
1.1523621592545976e+00,-4.8621080302119435e-01,-8.9525599421125784e-02
1.1602056245592438e+00,-4.7664492163053945e-01,-1.0512349903437521e-01
1.1680805957854283e+00,-4.6657057859084095e-01,-1.2053159475722888e-01
1.1759859680979006e+00,-4.5598579961746261e-01,-1.3573084993348694e-01
1.1839205974614608e+00,-4.4488925480780905e-01,-1.5070176027721421e-01
1.1918833006771579e+00,-4.3328026086123916e-01,-1.6542435498759916e-01
1.1998728518829973e+00,-4.2115884347368548e-01,-1.7987821368991536e-01
1.2078879744164961e+00,-4.0852576494237464e-01,-1.9404245467080181e-01
1.2159273494092708e+00,-3.9538258581412311e-01,-2.0789579707260034e-01
1.2239896176513865e+00,-3.8173168676165142e-01,-2.2141657779275017e-01
1.2320733796689614e+00,-3.6757627339999649e-01,-2.3458275521437899e-01
1.2401771905427976e+00,-3.5292045482815371e-01,-2.4737194468035140e-01
1.2482995520162559e+00,-3.3776926456086681e-01,-2.5976140880675358e-01
1.2564389239582625e+00,-3.2212872292206490e-01,-2.7172815408715023e-01
1.2645937260605509e+00,-3.0600585387649004e-01,-2.8324895004287054e-01
1.2727623379835609e+00,-2.8940868965954575e-01,-2.9430033482254925e-01
1.2809430939954849e+00,-2.7234635242082350e-01,-3.0485867566541636e-01
1.2891342734809959e+00,-2.5482907650005365e-01,-3.1490015804397642e-01
1.2973341154230840e+00,-2.3686825654795449e-01,-3.2440091903994706e-01
1.3055408206665802e+00,-2.1847646276375537e-01,-3.3333707527559359e-01
1.3137525521042261e+00,-1.9966744341800874e-01,-3.4168472821684309e-01
1.3219674304306410e+00,-1.8045619660326340e-01,-3.4942005245116053e-01
1.3301835213737461e+00,-1.6085900205197476e-01,-3.5651928356531493e-01
1.3383988533661615e+00,-1.4089343814364172e-01,-3.6295888576854030e-01
1.3466114211744813e+00,-1.2057839382575519e-01,-3.6871559697042472e-01
1.3548191859671979e+00,-9.9934069275720142e-02,-3.7376643131015302e-01
1.3630200712905818e+00,-7.8982026575484698e-02,-3.7808878062838913e-01
1.3712119510266754e+00,-5.7745231374446301e-02,-3.8166044752769263e-01
1.3793926677866988e+00,-3.6248024540608693e-02,-3.8445980021829301e-01
1.3875600374397827e+00,-1.4516124752585180e-02,-3.8646583005010415e-01
1.3957118487436757e+00,7.4233680610304078e-03,-3.8765816971586076e-01
1.4038458531465940e+00,2.9541928558506958e-02,-3.8801721386114724e-01
1.4119597687639076e+00,5.1809626528152658e-02,-3.8752419865204824e-01
1.4200512946386734e+00,7.4195165683337477e-02,-3.8616132630053956e-01
1.4281181109937211e+00,9.6665885189321982e-02,-3.8391179505394984e-01
1.4361578693223844e+00,1.1918774235636793e-01,-3.8075990497361822e-01
1.4441681985999639e+00,1.4172535610438483e-01,-3.7669116325992497e-01
1.4521467185032262e+00,1.6424206362663848e-01,-3.7169238965401424e-01
1.4600910388223676e+00,1.8669993359702119e-01,-3.6575177189676145e-01
1.4679987467093993e+00,2.0905976044754884e-01,-3.5885896103908460e-01
1.4758674232755895e+00,2.3128117483139246e-01,-3.5100520830240289e-01
1.4836946526701951e+00,2.5332269600048557e-01,-3.4218343271284291e-01
1.4914780197102639e+00,2.7514176211426927e-01,-3.3238829727462782e-01
1.4992150963876141e+00,2.9669474452010991e-01,-3.2161630192502405e-01
1.5069034650455597e+00,3.1793712263893892e-01,-3.0986592105943306e-01
1.5145407254460055e+00,3.3882353549740829e-01,-2.9713764947005078e-01
1.5221244920425450e+00,3.5930783572221253e-01,-2.8343408454953323e-01
1.5296523790052419e+00,3.7934312397390429e-01,-2.6876001759899010e-01
1.5371220270586496e+00,3.9888198049900614e-01,-2.5312254568029607e-01
1.5445311109445010e+00,4.1787652848869272e-01,-2.3653110822658857e-01
1.5518773376595909e+00,4.3627851046519922e-01,-2.1899755742741539e-01
1.5591584280795341e+00,4.5403933901738919e-01,-2.0053624938010783e-01
1.5663721456857311e+00,4.7111037559485591e-01,-1.8116410874082783e-01
1.5735163064893782e+00,4.8744302272704215e-01,-1.6090065758551950e-01
1.5805887788042110e+00,5.0298880882771524e-01,-1.3976805910088197e-01
1.5875874614110317e+00,5.1769946533238220e-01,-1.1779121177473341e-01
1.5945103102140743e+00,5.3152722038040090e-01,-9.4997749047683058e-02
1.6013553536014780e+00,5.4442494804371466e-01,-7.1418049757002222e-02
1.6081206919679722e+00,5.5634623022340657e-01,-4.7085254281724526e-02
1.6148044776308721e+00,5.6724550343270774e-01,-2.2035344568292904e-02
1.6214049341579662e+00,5.7707830896031320e-01,3.6929138259195696e-03
1.6279203770183210e+00,5.8580149083976596e-01,3.0058005597106266e-02
1.6343492104485502e+00,5.9337326156214509e-01,5.7015657930427802e-02
1.6406899095864305e+00,5.9975338926222888e-01,8.4518815044047402e-02
1.6469410453158364e+00,6.0490344660068462e-01,1.1251775838377534e-01
1.6531012968286858e+00,6.0878694843991654e-01,1.4096015752775953e-01
1.6591694363696321e+00,6.1136948448953221e-01,1.6979106887976311e-01
1.6651443332083553e+00,6.1261893418063829e-01,1.9895304043596840e-01
1.6710249785031259e+00,6.1250566466639134e-01,2.2838625323585449e-01
1.6768104777085726e+00,6.1100264152607420e-01,2.5802855334052183e-01
1.6825000352639996e+00,6.0808559591121669e-01,2.8781552461106968e-01
1.6880929862772769e+00,6.0373326193533394e-01,3.1768073716196454e-01
1.6935888003690858e+00,5.9792746001815800e-01,3.4755581509376193e-01
1.6989870556587421e+00,5.9065324776921357e-01,3.7737049101038111e-01
1.7042874569240447e+00,5.8189911142474804e-01,4.0705288203024059e-01
1.7094898562161047e+00,5.7165708480104582e-01,4.3652967173111973e-01
1.7145942395746623e+00,5.5992285383422302e-01,4.6572618876858130e-01
1.7196007060130973e+00,5.4669588973774597e-01,4.9456655536734684e-01
1.7245095036703679e+00,5.3197959203349776e-01,5.2297407537832274e-01
1.7293210345986223e+00,5.1578133447604912e-01,5.5087132926631510e-01
1.7340358238444633e+00,4.9811259047519646e-01,5.7818028778893005e-01
1.7386545244785414e+00,4.7898900799866612e-01,6.0482263481147114e-01
1.7431779469686159e+00,4.5843045968857832e-01,6.3072008736623786e-01
1.7476070535571557e+00,4.3646108322760674e-01,6.5579450103934755e-01
1.7519429168182450e+00,4.1310938068472081e-01,6.7996800841022131e-01
1.7561867490231691e+00,3.8840818845292419e-01,7.0316349050015337e-01
1.7603399188430533e+00,3.6239467013496046e-01,7.2530477719409114e-01
1.7644039336185313e+00,3.3511035508407760e-01,7.4631679269488949e-01
1.7683804008805770e+00,3.0660117152555544e-01,7.6612574327097016e-01
1.7722710682772520e+00,2.7691729501479667e-01,7.8465963123810634e-01
1.7760778316580836e+00,2.4611312011975647e-01,8.0184837427664546e-01
1.7798027045302092e+00,2.1424728301334775e-01,8.1762397794698205e-01
1.7834477881664630e+00,1.8138259800682655e-01,8.3192077641939566e-01
1.7870153131095581e+00,1.4758579904377553e-01,8.4467590501629364e-01
1.7905076412625502e+00,1.1292750914682247e-01,8.5582937485460031e-01
1.7939272233818266e+00,7.7482225201497237e-02,8.6532426840361165e-01
1.7972765900807559e+00,4.1328107812314607e-02,8.7310704192793920e-01
1.8005583834932666e+00,4.5467253480654191e-03,8.7912781690138397e-01
1.8037753370384071e+00,-3.2776985056463238e-02,8.8334049221971500e-01
1.8069302393366893e+00,-7.0554869659624736e-02,8.8570298206935649e-01
1.8100259634858442e+00,-1.0869589162026254e-01,8.8617747429521121e-01
1.8130654491289495e+00,-1.4710622542762253e-01,8.8473056407423412e-01
1.8160516739845920e+00,-1.8568946338737910e-01,8.8133345784351369e-01
1.8189876781855074e+00,-2.2434695254589856e-01,8.7596216459658449e-01
1.8218765329121316e+00,-2.6297789560942786e-01,8.6859762400820806e-01
1.8247213259730675e+00,-3.0147966358502104e-01,8.5922588325330862e-01
1.8275251846753646e+00,-3.3974812087560141e-01,8.4783822367517248e-01
1.8302912330433596e+00,-3.7767772748138312e-01,8.3443127973478215e-01
1.8330225824883868e+00,-4.1516191866640778e-01,8.1900716565962806e-01
1.8357223570474595e+00,-4.5209345010668822e-01,8.0157354996084029e-01
1.8383936495653728e+00,-4.8836450828454886e-01,7.8214375778231970e-01
1.8410395016037966e+00,-5.2386708099321622e-01,7.6073684451214219e-01
1.8436629364127182e+00,-5.5849337898249296e-01,7.3737761381286115e-01
1.8462669268093241e+00,-5.9213596268045177e-01,7.1209668762744871e-01
1.8488543489229756e+00,-6.2468802014287217e-01,6.8493055986784146e-01
1.8514280229472841e+00,-6.5604390742799201e-01,6.5592153001586928e-01
1.8539907046261139e+00,-6.8609930330878266e-01,6.2511771866294863e-01
1.8565450139969275e+00,-7.1475138495310886e-01,5.9257314614602041e-01
1.8590934662494150e+00,-7.4189940307133329e-01,5.5834757083540509e-01
1.8616384896438296e+00,-7.6744492871280967e-01,5.2250642817204906e-01
1.8641823669419602e+00,-7.9129200858856963e-01,4.8512089278532855e-01
1.8667272105324910e+00,-8.1334755343664089e-01,4.4626775242146927e-01
1.8692750104853142e+00,-8.3352181365767886e-01,4.0602917671936278e-01
1.8718276200446788e+00,-8.5172852279072508e-01,3.6449269683614316e-01
1.8743866709435482e+00,-8.6788508829999389e-01,3.2175124031222041e-01
1.8769536178144532e+00,-8.8191315518847391e-01,2.7790272948654393e-01
1.8795297615367241e+00,-8.9373882687060502e-01,2.3304993702148394e-01
1.8821161947727507e+00,-9.0329284276238719e-01,1.8730048800579674e-01
1.8847137627612962e+00,-9.1051091253608352e-01,1.4076664271482059e-01
1.8873231240129800e+00,-9.1533412259549318e-01,9.3564872982375147e-02
1.8899447280174118e+00,-9.1770907799726398e-01,4.5815806738167882e-02
1.8925787503948608e+00,-9.1758818522752206e-01,-2.3559239217574171e-03
1.8952251483629596e+00,-9.1492999381802942e-01,-5.0822171148351504e-02
1.8978836430144601e+00,-9.0969937463798456e-01,-9.9451403994554155e-02
1.9005536741095150e+00,-9.0186778978957161e-01,-1.4810895638953664e-01
1.9032344489602429e+00,-8.9141353974962700e-01,-1.9665748818833761e-01
1.9059248965011726e+00,-8.7832195913491395e-01,-2.4495713580962969e-01
1.9086236737800513e+00,-8.6258565703864976e-01,-2.9286596421495081e-01
1.9113291903804244e+00,-8.4420468771087265e-01,-3.4024032569656887e-01
1.9140395440954296e+00,-8.2318675321193413e-01,-3.8693507679297134e-01
1.9167525789612723e+00,-7.9954736658445325e-01,-4.3280420038266182e-01
1.9194658711303008e+00,-7.7330998690115083e-01,-4.7770105154442416e-01
1.9221766736563868e+00,-7.4450619401048135e-01,-5.2147871153716485e-01
1.9248819966552182e+00,-7.1317575070327166e-01,-5.6399066904664930e-01
1.9275785757012835e+00,-6.7936671878428956e-01,-6.0509104665750379e-01
1.9302628183870176e+00,-6.4313557760112361e-01,-6.4463503278614864e-01
1.9329308992138279e+00,-6.0454717466536878e-01,-6.8247962107071691e-01
1.9355787318168354e+00,-5.6367480177306473e-01,-7.1848386244585538e-01
1.9382018967871328e+00,-5.2060027007170018e-01,-7.5250929257792398e-01
1.9407957521564341e+00,-4.7541371742563837e-01,-7.8442076060258292e-01
1.9433554291412340e+00,-4.2821360815996706e-01,-8.1408672182564634e-01
1.9458757273530574e+00,-3.7910680215865200e-01,-8.4137961289916885e-01
1.9483512297658656e+00,-3.2820818509311539e-01,-8.6617674554587520e-01
1.9507763371237266e+00,-2.7564055368976120e-01,-8.8836065550184762e-01
1.9531451514455276e+00,-2.2153466358048629e-01,-9.0781946274384206e-01
1.9554515445256571e+00,-1.6602876032486016e-01,-9.2444766325749961e-01
1.9576892487085258e+00,-1.0926825038610355e-01,-9.3814663820835764e-01
1.9598517700622526e+00,-5.1405659007762713e-02,-9.4882498469673549e-01
1.9619323880121009e+00,7.3998225062923920e-03,-9.5639916229859390e-01
1.9639242728367505e+00,6.6982883309265995e-02,-9.6079403712265343e-01
1.9658204065235807e+00,1.2717225283850073e-01,-9.6194324267498266e-01
1.9676136207873096e+00,1.8779132531279311e-01,-9.5978975099117791e-01
1.9692966551555102e+00,2.4865865829242256e-01,-9.5428627541410327e-01
1.9708620927480440e+00,3.0958838000420241e-01,-9.4539569270989010e-01
1.9723024711394059e+00,3.7039098785708424e-01,-9.3309146606031645e-01
1.9736102221534939e+00,4.3087370942070002e-01,-9.1735796700418926e-01
1.9747777168170366e+00,4.9084135019345460e-01,-8.9819084916491532e-01
1.9757973427785995e+00,5.5009696413088971e-01,-8.7559728613693133e-01
1.9766613942849487e+00,6.0844232664742526e-01,-8.4959626713122938e-01
1.9773622141517071e+00,6.6567905776783098e-01,-8.2021876396717375e-01
1.9778922012240236e+00,7.2160915254290703e-01,-7.8750786643657344e-01
1.9782437094833518e+00,7.7603565421504928e-01,-7.5151896816104402e-01
1.9784092326388778e+00,8.2876386722423523e-01,-7.1231968042770089e-01
1.9783813727157169e+00,8.7960184348024473e-01,-6.6998988603086429e-01
1.9781527411019371e+00,9.2836117001985463e-01,-6.2462176119140844e-01
1.9777161673222328e+00,9.7485820961315728e-01,-5.7631941252115726e-01
1.9770646646563601e+00,1.0189145869876715e+00,-5.2519882229188275e-01
1.9761912997003173e+00,1.0603579585589789e+00,-4.7138772977861848e-01
1.9750894232505800e+00,1.0990232675031508e+00,-4.1502494237429349e-01
1.9737526687585971e+00,1.1347532223141779e+00,-3.5626013083312341e-01
1.9721747612602076e+00,1.1673989619275535e+00,-2.9525364737060916e-01
1.9703497513141173e+00,1.1968212473426652e+00,-2.3217547749603540e-01
1.9682720663541342e+00,1.2228909047631158e+00,-1.6720487177422663e-01
1.9659363119337285e+00,1.2454894581603522e+00,-1.0052999705820059e-01
1.9633374382687019e+00,1.2645099883179127e+00,-3.2346797956804070e-02
1.9604708185799842e+00,1.2798575950966609e+00,3.7141635595138243e-02
1.9573320863311277e+00,1.2914499439813465e+00,1.0772564005126199e-01
1.9539173033246615e+00,1.2992178030489430e+00,1.7919018613754903e-01
1.9502229159455340e+00,1.3031054040177297e+00,2.5131551346328251e-01
1.9462457502079069e+00,1.3030708360398109e+00,3.2387817819127163e-01
1.9419831019507965e+00,1.2990862817708391e+00,3.9665204285368261e-01
1.9374326207770380e+00,1.2911382779063172e+00,4.6940908335246240e-01
1.9325924802623087e+00,1.2792277580633493e+00,5.4192071770366879e-01
1.9274612550115158e+00,1.2633701955723660e+00,6.1395844078527895e-01
1.9220379561428858e+00,1.2435955198674518e+00,6.8529511861726300e-01
1.9163221600237903e+00,1.2199479261914405e+00,7.5570601297143536e-01
1.9103137928561476e+00,1.1924859158871930e+00,8.2496945514387443e-01
1.9040132966287981e+00,1.1612817588323547e+00,8.9286828750061997e-01
1.8974216784844138e+00,1.1264211934049830e+00,9.5919062268999900e-01
1.8905402675729892e+00,1.0880033049269020e+00,1.0237305434867459e+00
1.8833709370153191e+00,1.0461395695904714e+00,1.0862894725283272e+00
1.8759161321749973e+00,1.0009534431099161e+00,1.1466767625062764e+00
1.8681785912720745e+00,9.5258012695434302e-01,1.2047103193126567e+00
1.8601615689498658e+00,9.0116526738432823e-01,1.2602177526734553e+00
1.8518689111278799e+00,8.4686436005560106e-01,1.3130368655058087e+00
1.8433047460426606e+00,7.8984247517002903e-01,1.3630161358689741e+00
1.8344736171121496e+00,7.3027285935200248e-01,1.4100155042795341e+00
1.8253806584065717e+00,6.6833594083845838e-01,1.4539068182130830e+00
1.8160313575608855e+00,6.0421899469764051e-01,1.4945741226552784e+00
1.8064314405484516e+00,5.3811517156352984e-01,1.5319140825287239e+00
1.7965871606167449e+00,4.7022181887434694e-01,1.5658362659937823e+00
1.7865052216633164e+00,4.0074012703224166e-01,1.5962632316576777e+00
1.7761924746106110e+00,3.2987447140677872e-01,1.6231307782193398e+00
1.7656561626177614e+00,2.5783074540235290e-01,1.6463878435255577e+00
1.7549039528356987e+00,1.8481568034798704e-01,1.6659964513245595e+00
1.7439436622283788e+00,1.1103630499082340e-01,1.6819317753904861e+00
1.7327834023268867e+00,3.6698559002674547e-02,1.6941817609103023e+00
1.7214316134337146e+00,-3.7993439373917630e-02,1.7027468916715762e+00
1.7098968565116213e+00,-1.1283798704189225e-01,1.7076400571019053e+00
1.6981879543909026e+00,-1.8763693629804484e-01,1.7088859316383771e+00
1.6863139031027219e+00,-2.6219620170024099e-01,1.7065207312906916e+00
1.6742838223197851e+00,-3.3632654045832783e-01,1.7005916881511367e+00
1.6621070302256880e+00,-4.0984428665293993e-01,1.6911564241074792e+00
1.6497928738983276e+00,-4.8257173490408151e-01,1.6782826815680432e+00
1.6373508439219657e+00,-5.5433795887713566e-01,1.6620473498786965e+00
1.6247905216075955e+00,-6.2497914153453871e-01,1.6425360764099901e+00
1.6121214313322447e+00,-6.9433893322774209e-01,1.6198428077809344e+00
1.5993532058800635e+00,-7.6226906376943704e-01,1.5940686145855387e+00
1.5864955076434575e+00,-8.2862950301491545e-01,1.5653213702122240e+00
1.5735578489043649e+00,-8.9328865764987475e-01,1.5337153731360598e+00
1.5605497743882168e+00,-9.5612375229470681e-01,1.4993699499801951e+00
1.5474808576293202e+00,-1.0170209060142448e+00,1.4624090649854464e+00
1.5343604525934731e+00,-1.0758751941729103e+00,1.4229611829460060e+00
1.5211978064269764e+00,-1.1325907196499652e+00,1.3811580193459461e+00
1.5080021638478234e+00,-1.1870806276205870e+00,1.3371337128336809e+00
1.4947826521453953e+00,-1.2392670545805673e+00,1.2910246184086760e+00
1.4815480867849216e+00,-1.2890811300600975e+00,1.2429691283913178e+00
1.4683071755831407e+00,-1.3364626581865124e+00,1.1931061647559862e+00
1.4550685561965788e+00,-1.3813600242119308e+00,1.1415748070154459e+00
1.4418406582724144e+00,-1.4237300695590158e+00,1.0885141280181312e+00
1.4286315559003779e+00,-1.4635380271816638e+00,1.0340630295791740e+00
1.4154491691515734e+00,-1.5007568553900910e+00,9.7835890325073904e-01
1.4023012899144636e+00,-1.5353670976226359e+00,9.2153737361957422e-01
1.3891954760988714e+00,-1.5673567151276320e+00,8.6373220184998234e-01
1.3761388933635978e+00,-1.5967210135297205e+00,8.0507523932021940e-01
1.3631385005389443e+00,-1.6234617822417985e+00,7.4569541234425374e-01
1.3502010808161209e+00,-1.6475870371940926e+00,6.8571845135975673e-01
1.3373331766692074e+00,-1.6691108855179837e+00,6.2526687085345156e-01
1.3245409305217410e+00,-1.6880534263417721e+00,5.6446000036086308e-01
1.3118302377361801e+00,-1.7044399001815906e+00,5.0341334616620015e-01
1.2992067851741280e+00,-1.7183002954301492e+00,4.4223834444466914e-01
1.2866760069192225e+00,-1.7296692505913629e+00,3.8104238318828620e-01
1.2742429516518743e+00,-1.7385859585878276e+00,3.1992888734273289e-01
1.2619124045132482e+00,-1.7450933666766841e+00,2.5899696101876524e-01
1.2496889247187548e+00,-1.7492377573075737e+00,1.9834124462147454e-01
1.2375768057387344e+00,-1.7510686767137051e+00,1.3805196782240911e-01
1.2255799800119320e+00,-1.7506388452288097e+00,7.8215055654968654e-02
1.2137021231295417e+00,-1.7480033981735144e+00,1.8911971486592689e-02
1.2019466788295277e+00,-1.7432195667608352e+00,-3.9780314238207354e-02
1.1903168100946395e+00,-1.7363466415925444e+00,-9.7789230841865568e-02
1.1788153602397933e+00,-1.7274458091673914e+00,-1.5504651679005987e-01
1.1674449354367684e+00,-1.7165794880270751e+00,-2.1148821423535946e-01
1.1562079089195034e+00,-1.7038111777700706e+00,-2.6705463279563330e-01
1.1451063627134943e+00,-1.6892054772649232e+00,-3.2169022733807529e-01
1.1341421115879022e+00,-1.6728277475248161e+00,-3.7534349491321273e-01
1.1233167551904064e+00,-1.6547436439508345e+00,-4.2796686862225308e-01
1.1126316717860170e+00,-1.6350190593872369e+00,-4.7951665753624256e-01
1.1020879559457635e+00,-1.6137202354806275e+00,-5.2995294106400426e-01
1.0916864692839596e+00,-1.5909133533225333e+00,-5.7923939177764328e-01
1.0814278831981772e+00,-1.5666641666240695e+00,-6.2734311088327521e-01
1.0713126772960444e+00,-1.5410379835928461e+00,-6.7423459725181933e-01
1.0613410863816610e+00,-1.5140997618654763e+00,-7.1988761702723325e-01
1.0515131097743573e+00,-1.4859140220828231e+00,-7.6427911750391408e-01
1.0418285816735910e+00,-1.4565443567077776e+00,-8.0738889116815005e-01
1.0322871746712465e+00,-1.4260533952537293e+00,-8.4919954507262041e-01
1.0228883920484979e+00,-1.3945028031337905e+00,-8.8969642373538804e-01
1.0136315068786115e+00,-1.3619534875575876e+00,-9.2886755847884872e-01
1.0045156171209308e+00,-1.3284653439186644e+00,-9.6670347246000821e-01
9.9553969133544606e-01,-1.2940969766264518e+00,-1.0031968611707291e+00
9.8670256901818199e-01,-1.2589056959158005e+00,-1.0383425870837579e+00
9.7800295468360898e-01,-1.2229475366555775e+00,-1.0721376267100307e+00
9.6943936380951490e-01,-1.1862774731110535e+00,-1.1045810304743966e+00
9.6101016808634088e-01,-1.1489492566958057e+00,-1.1356737896887279e+00
9.5271364241143552e-01,-1.1110152117436423e+00,-1.1654184740662117e+00
9.4454796555159692e-01,-1.0725262319401294e+00,-1.1938192185617724e+00
9.3651121897697276e-01,-1.0335317895476386e+00,-1.2208817034109618e+00
9.2860134859276167e-01,-9.9408011971319121e-01,-1.2466131138770042e+00
9.2081617306971664e-01,-9.5421820961535420e-01,-1.2710221523934058e+00
9.1315344382564678e-01,-9.1399162891912433e-01,-1.2941186262358753e+00
9.0561084859375662e-01,-8.7344452363757952e-01,-1.3159134012404727e+00
8.9818601143037413e-01,-8.3261961629973769e-01,-1.3364184013898317e+00
8.9087647821167870e-01,-7.9155830728919485e-01,-1.3556465641880329e+00
8.8367968391280960e-01,-7.5030080685470368e-01,-1.3736119738576920e+00
8.7659301395127776e-01,-7.0888600490890974e-01,-1.3903295288205471e+00
8.6961382046300617e-01,-6.6735146542154511e-01,-1.4058147867388782e+00
8.6273942230234280e-01,-6.2573342641951246e-01,-1.4200839645154728e+00
8.5596710387215680e-01,-5.8406681714217024e-01,-1.4331539273927600e+00
8.4929408315891974e-01,-5.4238542344382368e-01,-1.4450422540704519e+00
8.4271752294646907e-01,-5.0072185409639391e-01,-1.4557672377479465e+00
8.3623457768813936e-01,-4.5910752815119121e-01,-1.4653475611774562e+00
8.2984239584693942e-01,-4.1757268253056545e-01,-1.4738022703023888e+00
8.2353811989551762e-01,-3.7614637202769946e-01,-1.4811507742574066e+00
8.1731888124917529e-01,-3.3485651531636218e-01,-1.4874128434665901e+00
8.1118176550627064e-01,-2.9373001326517972e-01,-1.4926087613843180e+00
8.0512384900243150e-01,-2.5279269525260845e-01,-1.4967591666217486e+00
7.9914222542465141e-01,-2.1206936334929494e-01,-1.4998848556052800e+00
7.9323400598828775e-01,-1.7158379404876925e-01,-1.5020067801380528e+00
7.8739631943702126e-01,-1.3135873826717873e-01,-1.5031460473999778e+00
7.8162630361550822e-01,-9.1415977094210066e-02,-1.5033239396743654e+00
7.7592107460777493e-01,-5.1776372758947954e-02,-1.5025620844184990e+00
7.7027776869885922e-01,-1.2459857391300821e-02,-1.5008822454999686e+00
7.6469355911330239e-01,2.6514514720361166e-02,-1.4983062023013520e+00
7.5916565601994190e-01,6.5128567023086364e-02,-1.4948557496356132e+00
7.5369130653196148e-01,1.0336500069899329e-01,-1.4905526977461234e+00
7.4826778611240663e-01,1.4120735331883569e-01,-1.4854189011137049e+00
7.4289236917353374e-01,1.7863998487543575e-01,-1.4794764252546806e+00
7.3756236765246030e-01,2.1564806237710099e-01,-1.4727473576814269e+00
7.3227514564941265e-01,2.5221750216553179e-01,-1.4652537082559693e+00
7.2702811943067780e-01,2.8833496981721041e-01,-1.4570174091321748e+00
7.2181875742857282e-01,3.2398788014363206e-01,-1.4480603147557030e+00
7.1664457462807207e-01,3.5916437699478027e-01,-1.4384042204973284e+00
7.1150310208449152e-01,3.9385333519584548e-01,-1.4280710210870069e+00
7.0639191615084018e-01,4.2804434838096622e-01,-1.4170825846972870e+00
7.0130865637201911e-01,4.6172765372894287e-01,-1.4054606379645755e+00
6.9625102554590623e-01,4.9489413054865650e-01,-1.3932267650876484e+00
6.9121678972333034e-01,5.2753530027923046e-01,-1.3804024078275858e+00
6.8620377633394680e-01,5.5964331997424166e-01,-1.3670088697103029e+00
6.8120984679941610e-01,5.9121098947833717e-01,-1.3530674349655121e+00
6.7623290695193139e-01,6.2223177301741861e-01,-1.3385993529994522e+00
6.7127093230021395e-01,6.5269969660063165e-01,-1.3236256881180879e+00
6.6632196869952443e-01,6.8260933891091036e-01,-1.3081673121367365e+00
6.6138413235167348e-01,7.1195583130491502e-01,-1.2922449043800994e+00
6.5645560974639938e-01,7.4073485741948530e-01,-1.2758789516160416e+00
6.5153464235060610e-01,7.6894264996211525e-01,-1.2590897930422784e+00
6.4661951109438398e-01,7.9657606236455025e-01,-1.2418977184771836e+00
6.4170856672421517e-01,8.2363246366100540e-01,-1.2243228181781316e+00
6.3680023361469507e-01,8.5010969702918981e-01,-1.2063849462291354e+00
6.3189300976850749e-01,8.7600607979044698e-01,-1.1881037205407579e+00
6.2698546681640577e-01,9.0132040340984965e-01,-1.1694985228500405e+00
6.2207624721011068e-01,9.2605192963742589e-01,-1.1505885020999980e+00
6.1716403831435385e-01,9.5020043935464504e-01,-1.1313926593399015e+00
6.1224758668175883e-01,9.7376624057953032e-01,-1.1119298267044169e+00
6.0732571234068611e-01,9.9675004822629854e-01,-1.0922185640389348e+00
6.0239730862410412e-01,1.0191529765600325e+00,-1.0722771545542709e+00
5.9746134216956925e-01,1.0409765391967707e+00,-1.0521236048265894e+00
5.9251685291920775e-01,1.0622226491035911e+00,-1.0317756447973272e+00
5.8756294545286569e-01,1.0828936164932967e+00,-1.0112507387617320e+00
5.8259876902798868e-01,1.1029922364029980e+00,-9.9056616009085041e-01
5.7762354070559208e-01,1.1225217141309625e+00,-9.6973891879263041e-01
5.7263654723781277e-01,1.1414855780691129e+00,-9.4878571215818042e-01
5.6763714499409645e-01,1.1598876791927213e+00,-9.2772292459149819e-01
5.6262475996118033e-01,1.1777321910604792e+00,-9.0656662760938955e-01
5.5759888774156718e-01,1.1950236098074360e+00,-8.8533257984054936e-01
5.5255908086460326e-01,1.2117667535177545e+00,-8.6403624002860124e-01
5.4750493932267796e-01,1.2279668630303471e+00,-8.4269281527208784e-01
5.4243612864072377e-01,1.2436294884157850e+00,-8.2131719568184502e-01
5.3735237720822293e-01,1.2587604205898570e+00,-7.9992393008707152e-01
5.3225347627918596e-01,1.2733656913136311e+00,-7.7852722603524704e-01
5.2713927997212739e-01,1.2874515731935252e+00,-7.5714094979202651e-01
5.2200970527011070e-01,1.3010245796811808e+00,-7.3577862634142799e-01
5.1686472089795099e-01,1.3140914596113973e+00,-7.1445344845834247e-01
5.1170434015727295e-01,1.3266592960226258e+00,-6.9317830489253685e-01
5.0652863620689215e-01,1.3387354094622370e+00,-6.7196574101783857e-01
5.0133773564937678e-01,1.3503272749084174e+00,-6.5082794507710517e-01
4.9613181851563892e-01,1.3614425217028705e+00,-6.2977674818097018e-01
4.9091111826490713e-01,1.3720889335508724e+00,-6.0882362430773085e-01
4.8567592178477209e-01,1.3822744485211738e+00,-5.8797969030353447e-01
4.8042656435421954e-01,1.3920071509058192e+00,-5.6725571035241495e-01
4.7516341645523741e-01,1.4012953305378844e+00,-5.4666211306972112e-01
4.6988690303252317e-01,1.4101474837837256e+00,-5.2620896957229224e-01
4.6459749198609418e-01,1.4185721793144506e+00,-5.0590599404757874e-01
4.5929569301244211e-01,1.4265780522205684e+00,-4.8576254446806588e-01
4.5398205760457827e-01,1.4341738040119094e+00,-4.6578762259145057e-01
4.4865717905200797e-01,1.4413682026176742e+00,-4.4598987396054046e-01
4.4332169240230707e-01,1.4481700822638606e+00,-4.2637758796039243e-01
4.3797626107482335e-01,1.4545883309694556e+00,-4.0695871599435884e-01
4.3262158879263796e-01,1.4606319920682331e+00,-3.8774084935761294e-01
4.2725841992666608e-01,1.4663101573562756e+00,-3.6873122398757063e-01
4.2188752741920349e-01,1.4716319012825476e+00,-3.4993673991265478e-01
4.1650971278397342e-01,1.4766062809488478e+00,-3.3136396125246559e-01
4.1112580610610161e-01,1.4812423361098388e+00,-3.1301911621768430e-01
4.0573666604209374e-01,1.4855490891730594e+00,-2.9490809711000426e-01
4.0034317981060819e-01,1.4895355451882828e+00,-2.7703646034159835e-01
3.9494625410060241e-01,1.4932107000798416e+00,-2.5940944380405656e-01
3.8954682658343037e-01,1.4965835879584666e+00,-2.4203194172211498e-01
3.8414586230867009e-01,1.4996631941137111e+00,-2.2490852184600069e-01
3.7874434192864492e-01,1.5024584210935403e+00,-2.0804345203866087e-01
3.7334326169844384e-01,1.5049780887043200e+00,-1.9144070027582821e-01
3.6794363347588649e-01,1.5072309340108330e+00,-1.7510393464591303e-01
3.6254648472157081e-01,1.5092256113362561e+00,-1.5903652335014962e-01
3.5715285710197592e-01,1.5109706934332729e+00,-1.4324153950700522e-01
3.5176380812777713e-01,1.5124746984727158e+00,-1.2772176442591893e-01
3.4638041617642223e-01,1.5137460644960714e+00,-1.1247967600095525e-01
3.4100376556222978e-01,1.5147931044872316e+00,-9.7517491398450423e-02
3.3563494543393996e-01,1.5156240047350871e+00,-8.2837170346345787e-02
3.3027504977476335e-01,1.5162468248335244e+00,-6.8440415134320420e-02
3.2492517740235205e-01,1.5166694976814277e+00,-5.4328670613711674e-02
3.1958643158521172e-01,1.5168998330081507e+00,-4.0503130518647901e-02
3.1425992684565907e-01,1.5169455342593672e+00,-2.6964732144818725e-02
3.0894678289934208e-01,1.5168141681259606e+00,-1.3714168754570159e-02
3.0364811592073193e-01,1.5165131488080332e+00,-7.5191849964867689e-04
2.9836503844652862e-01,1.5160497379500397e+00,1.1921755163779860e-02
2.9309865937570512e-01,1.5154310446407910e+00,2.4306803475024341e-02
2.8785008399413775e-01,1.5146640268830280e+00,3.6403388975860387e-02
2.8262041993609821e-01,1.5137555033799175e+00,4.8211884697028563e-02
2.7741077404475850e-01,1.5127121396472365e+00,5.9732869627417862e-02
2.7222224326305472e-01,1.5115404364305218e+00,7.0967098686468805e-02
2.6705591431935077e-01,1.5102467295659219e+00,8.1915501225425735e-02
2.6191286372748385e-01,1.5088371899802038e+00,9.2579181027237500e-02
2.5679415779135578e-01,1.5073178261236198e+00,1.0295940981321415e-01
2.5170086041255213e-01,1.5056944923880538e+00,1.1305763368632969e-01
2.4663402708226045e-01,1.5039728792322213e+00,1.2287545977181230e-01
2.4159469765879218e-01,1.5021585096124190e+00,1.3241463100297157e-01
2.3658389632177293e-01,1.5002567389881833e+00,1.4167702589995693e-01
2.3160263157212249e-01,1.4982727553222801e+00,1.5066465856979044e-01
2.2665189606042113e-01,1.4962115824648672e+00,1.5937967148376747e-01
2.2173267522274048e-01,1.4940780875830166e+00,1.6782434190619272e-01
2.1684594304440447e-01,1.4918769745907159e+00,1.7600107539119222e-01
2.1199265348961269e-01,1.4896127863861877e+00,1.8391237546781977e-01
2.0717374040073258e-01,1.4872899049524091e+00,1.9156084315300892e-01
2.0239011749831770e-01,1.4849125513571177e+00,1.9894917695154204e-01
1.9764267830800944e-01,1.4824847861791677e+00,2.0608017210883675e-01
1.9293229900028028e-01,1.4800105213073036e+00,2.1295670861796479e-01
1.8825984702502244e-01,1.4774935129421953e+00,2.1958177348640970e-01
1.8362616938118945e-01,1.4749373670650170e+00,2.2595842763428514e-01
1.7903208990693564e-01,1.4723455441153066e+00,2.3208979389808579e-01
1.7447840927959471e-01,1.4697213589909548e+00,2.3797905703071848e-01
1.6996590501566325e-01,1.4670679810481946e+00,2.4362946370152244e-01
1.6549533145376405e-01,1.4643884343537743e+00,2.4904432219858019e-01
1.6106742265272961e-01,1.4616856124982738e+00,2.5422698999101190e-01
1.5668290105356988e-01,1.4589622673186007e+00,2.5918089542823158e-01
1.5234246733984405e-01,1.4562210176956234e+00,2.6390951234902765e-01
1.4804679760958572e-01,1.4534643593513463e+00,2.6841634542475479e-01
1.4379654337531639e-01,1.4506946648489192e+00,2.7270493015931851e-01
1.3959233156401868e-01,1.4479141835926199e+00,2.7677883288920374e-01
1.3543476451717359e-01,1.4451250418278789e+00,2.8064165078343534e-01
1.3132442039671952e-01,1.4423292472380642e+00,2.8429700833257210e-01
1.2726186081939353e-01,1.4395287035882174e+00,2.8774855227616741e-01
1.2324763030447997e-01,1.4367251885785484e+00,2.9099996827983110e-01
1.1928224928773243e-01,1.4339203802198168e+00,2.9405495052136071e-01
1.1536621385526327e-01,1.4311158601567671e+00,2.9691719856419690e-01
1.1149999574357877e-01,1.4283131136681506e+00,2.9959041735739733e-01
1.0768404233955835e-01,1.4255135296667152e+00,3.0207831723565348e-01
1.0391877668046225e-01,1.4227184006992077e+00,3.0438461391928423e-01
1.0020459780923588e-01,1.4199289260009536e+00,3.0651302671013181e-01
9.6541887574710258e-02,1.4171462310151288e+00,3.0846727068628144e-01
9.2931010160323915e-02,1.4143713378931526e+00,3.1025107580479122e-01
8.9372307197018191e-02,1.4116051938411422e+00,3.1186816268267659e-01
8.5866097745386075e-02,1.4088486778826768e+00,3.1332223789769603e-01
8.2412678295653782e-02,1.4061026008587851e+00,3.1461699398836046e-01
7.9012322767667911e-02,1.4033677054279339e+00,3.1575610945393706e-01
7.5665282510925969e-02,1.4006446660660521e+00,3.1674324875443821e-01
7.2371786304558663e-02,1.3979340890665175e+00,3.1758206231062835e-01
6.9132041978788195e-02,1.3952365208220825e+00,3.1827618296538607e-01
6.5946243008443428e-02,1.3925524576415582e+00,3.1882922535883024e-01
6.2814562598369567e-02,1.3898823197397536e+00,3.1924479601519201e-01
5.9737154216000385e-02,1.3872264835860892e+00,3.1952647482565238e-01
5.6714151812788396e-02,1.3845852840211186e+00,3.1967781399075984e-01
5.3745669824228404e-02,1.3819590142565468e+00,3.1970233802042869e-01
5.0831803169845306e-02,1.3793479258752193e+00,3.1960354373394079e-01
4.7972627253183346e-02,1.3767522288311134e+00,3.1938490025994370e-01
4.5168197961828402e-02,1.3741720914493576e+00,3.1904984903645262e-01
4.2418551895985840e-02,1.3716076414183545e+00,3.1860180347420125e-01
3.9723712796276650e-02,1.3690589867802905e+00,3.1804414326856700e-01
3.7083686596373983e-02,1.3665261859395541e+00,3.1738022639536673e-01
3.4498461541758195e-02,1.3640092659193528e+00,3.1661337929671113e-01
3.1968010298009483e-02,1.3615082344102321e+00,3.1574689219684321e-01
2.9492289950791537e-02,1.3590230797700602e+00,3.1478401910213322e-01
2.7071242005873828e-02,1.3565537710240501e+00,3.1372797780108624e-01
2.4704792389121516e-02,1.3541002578647510e+00,3.1258194986433935e-01
2.2392851446483980e-02,1.3516624706520350e+00,3.1134908064465555e-01
2.0135313944015697e-02,1.3492403204131189e+00,3.1003247927693361e-01
1.7932059067866761e-02,1.3468336988425542e+00,3.0863521867820448e-01
1.5782955368988969e-02,1.3444424915825961e+00,3.0716033321771047e-01
1.3687857793931885e-02,1.3420665678205830e+00,3.0561082300173659e-01
1.1646604073166429e-02,1.3397057749900996e+00,3.0398965269683298e-01
9.6590206933766260e-03,1.3373599573273911e+00,3.0229974657357539e-01
7.7249229023445441e-03,1.3350289558853747e+00,3.0054398850343450e-01
5.8441147089394550e-03,1.3327126085336269e+00,2.9872522195876761e-01
4.0163888831217910e-03,1.3304107499583897e+00,2.9684625001282228e-01
2.2415269559337161e-03,1.3281232116625583e+00,2.9490983533972642e-01
5.1929921951519744e-04,1.3258498219657016e+00,2.9291870021450511e-01
-1.1505352729054153e-03,1.3235904060040498e+00,2.9087552651307103e-01
-2.7682287070173667e-03,1.3213447857304854e+00,2.8878295571221652e-01
-4.3340417044919624e-03,1.3191127842821417e+00,2.8664358925586925e-01
-5.8482421366068578e-03,1.3168942300480324e+00,2.8445999029558233e-01
-7.3111152970902326e-03,1.3146889424255843e+00,2.8223468176959693e-01
-8.7229540521771513e-03,1.3124967459002366e+00,2.7997014568875578e-01
-1.0084058279852953e-02,1.3103174708707530e+00,2.7766882315433439e-01
-1.1394734869850341e-02,1.3081509536492288e+00,2.7533311435804525e-01
-1.2655297723656107e-02,1.3059970364610776e+00,2.7296537858202574e-01
-1.3866067754499634e-02,1.3038555674450498e+00,2.7056793419885850e-01
-1.5027372887359712e-02,1.3017264006532248e+00,2.6814305867156046e-01
-1.6139548058968577e-02,1.2996093960509991e+00,2.6569298855357271e-01
-1.7202935217801769e-02,1.2975044195171088e+00,2.6321991948878237e-01
-1.8217883324084132e-02,1.2954113428436158e+00,2.6072600621151043e-01
-1.9184748010380327e-02,1.2933300438240691e+00,2.5821336292506064e-01
-2.0103887751335505e-02,1.2912604081112957e+00,2.5568406967387713e-01
-2.0975673253977631e-02,1.2892023285817122e+00,2.5314016403102302e-01
-2.1800481439871490e-02,1.2871557059660050e+00,2.5058364287132956e-01
-2.2578692806160726e-02,1.2851204493348378e+00,2.4801646461164636e-01
-2.3310691425573623e-02,1.2830964760988397e+00,2.4544054921082470e-01
-2.3996864946420008e-02,1.2810837120086078e+00,2.4285777816972648e-01
-2.4637604592595837e-02,1.2790820911547021e+00,2.4026999453120865e-01
-2.5233305163576993e-02,1.2770915559676572e+00,2.3767900288014510e-01
-2.5784365034422309e-02,1.2751120572179750e+00,2.3508656934341710e-01
-2.6291186155776088e-02,1.2731435540161191e+00,2.3249442158990047e-01
-2.6754174053863156e-02,1.2711860138125273e+00,2.2990424883048810e-01
-2.7173737830491332e-02,1.2692394123976063e+00,2.2731770181808034e-01
-2.7550288399165134e-02,1.2673037311085789e+00,2.2473639834138107e-01
-2.7884242027139072e-02,1.2653789594491867e+00,2.2216192228964896e-01
-2.8176021282278252e-02,1.2634650989422673e+00,2.1959581514843801e-01
-2.8426049882594874e-02,1.2615621575858651e+00,2.1703958425990896e-01
-2.8634752658007058e-02,1.2596701498047180e+00,2.1449470290464670e-01
-2.8802555550336513e-02,1.2577890964502743e+00,2.1196261030168287e-01
-2.8929885613309857e-02,1.2559190248006864e+00,2.0944471160848596e-01
-2.9017171012558997e-02,1.2540599685607987e+00,2.0694237792094852e-01
-2.9064841025619990e-02,1.2522119678621684e+00,2.0445694627340988e-01
-2.9073326041933831e-02,1.2503750692630533e+00,2.0198971963864598e-01
-2.9043057562846239e-02,1.2485493257484068e+00,1.9954196692785708e-01
-2.8974468201607630e-02,1.2467347967298923e+00,1.9711492299069028e-01
-2.8867991663616938e-02,1.2449315479837348e+00,1.9470978869567568e-01
-2.8724061037349116e-02,1.2431396440949747e+00,1.9232774183274973e-01
-2.8543113972447184e-02,1.2413591600665790e+00,1.8996992487983563e-01
-2.8325590273488008e-02,1.2395901801857665e+00,1.8763744377483565e-01
-2.8071929186084001e-02,1.2378327910753670e+00,1.8533137617018819e-01
-2.7782569396881944e-02,1.2360870816938143e+00,1.8305277143285917e-01
-2.7457949033565250e-02,1.2343531433351647e+00,1.8080265064436260e-01
-2.7098505664852841e-02,1.2326310696290843e+00,1.7858200660074847e-01
-2.6704676300497564e-02,1.2309209565408459e+00,1.7639180381259478e-01
-2.6276897391289383e-02,1.2292229023713430e+00,1.7423297850502723e-01
-2.5815604829053710e-02,1.2275370077570797e+00,1.7210643861770741e-01
-2.5321233946649480e-02,1.2258633756701660e+00,1.7001306380482548e-01
-2.4794219517973174e-02,1.2242021114183330e+00,1.6795370543511870e-01
-2.4234995757955853e-02,1.2225533226449197e+00,1.6592918659185726e-01
-2.3643996311281494e-02,1.2209171192013588e+00,1.6394030227160117e-01
-2.3021654135526183e-02,1.2192936056926309e+00,1.6198783232923844e-01
-2.2368403422796650e-02,1.2176828929597479e+00,1.6007252612841094e-01
-2.1684677712363268e-02,1.2160850955984206e+00,1.5819510281795457e-01
-2.0970909032139603e-02,1.2145003261922542e+00,1.5635625952245033e-01
-2.0227527898687758e-02,1.2129286953127638e+00,1.5455667134223866e-01
-1.9454963317215836e-02,1.2113703115193664e+00,1.5279699135341199e-01
-1.8653642781574910e-02,1.2098252813593768e+00,1.5107785060780829e-01
-1.7823992274264819e-02,1.2082937093680173e+00,1.4939985813302437e-01
-1.6966436266430261e-02,1.2067756980684123e+00,1.4776360093240698e-01
-1.6081397717863401e-02,1.2052713479715909e+00,1.4616964398505769e-01
-1.5169298076998218e-02,1.2037807575764772e+00,1.4461853024582316e-01
-1.4230557280918297e-02,1.2023040233699063e+00,1.4311078064530894e-01
-1.3265593755353597e-02,1.2008412398266151e+00,1.4164689408987305e-01
-1.2274824406218261e-02,1.1993924990422145e+00,1.4022734821119726e-01
-1.1258664717645259e-02,1.1979578859410578e+00,1.3885261065165017e-01
-1.0217529058715110e-02,1.1965374874050345e+00,1.3752312189797938e-01
-9.1518299487705294e-03,1.1951313875325302e+00,1.3623930140443472e-01
-8.0619779192613837e-03,1.1937396651114418e+00,1.3500155225461596e-01
-6.9483815137408892e-03,1.1923623936191745e+00,1.3381026116146777e-01
-5.8114472878599407e-03,1.1909996412226342e+00,1.3266579846727375e-01
-4.6515798093769000e-03,1.1896514707782402e+00,1.3156851814366724e-01
-3.4691816581518269e-03,1.1883179398319179e+00,1.3051875779162472e-01
-2.2646534261488390e-03,1.1869991006191007e+00,1.2951683864146818e-01
-1.0383937174297596e-03,1.1856950000647233e+00,1.2856306555285982e-01
2.0920085183526361e-04,1.1844056797832347e+00,1.2765772701481126e-01
1.4777356533736265e-03,1.1831311760785901e+00,1.2680109514567778e-01
2.7668180468152985e-03,1.1818715199442467e+00,1.2599342569315575e-01
4.0760574444550241e-03,1.1806267361046967e+00,1.2523496129106923e-01
5.4050657023535717e-03,1.1793968427403585e+00,1.2452593459863857e-01
6.7534569806213815e-03,1.1781818546960203e+00,1.2386655626237408e-01
8.1208476582513324e-03,1.1769817797756286e+00,1.2325702451680380e-01
9.5068563362069661e-03,1.1757966185406810e+00,1.2269752578788935e-01
1.0911103837418135e-02,1.1746263643102273e+00,1.2218823469302793e-01
1.2333213206788370e-02,1.1734710031608646e+00,1.2172931404104986e-01
1.3772809711184121e-02,1.1723305139267486e+00,1.2132091483222236e-01
1.5229520839440031e-02,1.1712048681995852e+00,1.2096317625824725e-01
1.6702976302364635e-02,1.1700940303286291e+00,1.2065622570226008e-01
1.8192808032729175e-02,1.1689979574206917e+00,1.2040017873883262e-01
1.9698650185272906e-02,1.1679165993401357e+00,1.2019513913397141e-01
2.1220139136709924e-02,1.1668498987088718e+00,1.2004119884511705e-01
2.2756913501906971e-02,1.1657977908949297e+00,1.1993843832105495e-01
2.4308614839461277e-02,1.1647602039828651e+00,1.1988693161313468e-01
2.5874887796704878e-02,1.1637370590917224e+00,1.1988673809731286e-01
2.7455379390940803e-02,1.1627282696081822e+00,1.1993790606597335e-01
2.9049739000622181e-02,1.1617337410081601e+00,1.2004047529362706e-01
3.0657618365346230e-02,1.1607533708568125e+00,1.2019447703691186e-01
3.2278671585864720e-02,1.1597870488085311e+00,1.2039993403459334e-01
3.3912555124069800e-02,1.1588346566069478e+00,1.2065686050756372e-01
3.5558927803000101e-02,1.1578960680849359e+00,1.2096526215884204e-01
3.7217450806848976e-02,1.1569711491646015e+00,1.2132513617357583e-01
3.8887787680949991e-02,1.1560597578572931e+00,1.2173647121903861e-01
4.0569604331783159e-02,1.1551617442635982e+00,1.2219924744463048e-01
4.2262569026983408e-02,1.1542769505733395e+00,1.2271343648188099e-01
4.3966352401745741e-02,1.1534052110885809e+00,1.2327900149760453e-01
4.5680628257721935e-02,1.1525463534781089e+00,1.2389589981090364e-01
4.7405073965671847e-02,1.1517001969436129e+00,1.2456407860502962e-01
4.9139369396847321e-02,1.1508665522767576e+00,1.2528347650345165e-01
5.0883196906073132e-02,1.1500452226828404e+00,1.2605402571222238e-01
5.2636241331755589e-02,1.1492360037807883e+00,1.2687565201998144e-01
5.4398189995889287e-02,1.1484386836031544e+00,1.2774827479795875e-01
5.6168732704041623e-02,1.1476530425961262e+00,1.2867180699996716e-01
5.7947561745361614e-02,1.1468788536195209e+00,1.2964615516240660e-01
5.9734371892586381e-02,1.1461158819467814e+00,1.3067121940426760e-01
6.1528860402026701e-02,1.1453638852649843e+00,1.3174689342712370e-01
6.3330727013573493e-02,1.1446226136748356e+00,1.3287306451513450e-01
6.5139673950706953e-02,1.1438918096906696e+00,1.3404961353505171e-01
6.6955405934331025e-02,1.1431712083051042e+00,1.3527641497518511e-01
6.8777631183148294e-02,1.1424605391128813e+00,1.3655333790291269e-01
7.0606061598433759e-02,1.1417595227420769e+00,1.3788024343403207e-01
7.2440411667028887e-02,1.1410678718708407e+00,1.3925698637538861e-01
7.4280398502236500e-02,1.1403852926453386e+00,1.4068341626073000e-01
7.6125741843829794e-02,1.1397114846797503e+00,1.4215937735071227e-01
7.7976164058059461e-02,1.1390461410562649e+00,1.4368470863290583e-01
7.9831390137637404e-02,1.1383889483250893e+00,1.4525924382178254e-01
8.1691147701745875e-02,1.1377395865044424e+00,1.4688281135872266e-01
8.3555166996044733e-02,1.1370977290805542e+00,1.4855523441202156e-01
8.5423180892654937e-02,1.1364630430076710e+00,1.5027633087687522e-01
8.7294924890170794e-02,1.1358351887080516e+00,1.5204591337539108e-01
8.9170137113652598e-02,1.1352138200719684e+00,1.5386378925658106e-01
9.1048558360312046e-02,1.1345985846902298e+00,1.5572976062804816e-01
9.2929933287889829e-02,1.1339891264819728e+00,1.5764362420810335e-01
9.4814010127236573e-02,1.1333850803534771e+00,1.5960517009494138e-01
9.6700539837993219e-02,1.1327860749204901e+00,1.6161418325634794e-01
9.8589276178317503e-02,1.1321917338464913e+00,1.6367044386356155e-01
1.0047997570489148e-01,1.1316016758426946e+00,1.6577372729128140e-01
1.0237239777293090e-01,1.1310155146680445e+00,1.6792380411767763e-01
1.0426630453616816e-01,1.1304328591292192e+00,1.7012044012437258e-01
1.0616146094686088e-01,1.1298533130806296e+00,1.7236339629645014e-01
1.0805763475579892e-01,1.1292764754244178e+00,1.7465242882246418e-01
1.0995459651228978e-01,1.1287019401104599e+00,1.7698728909442127e-01
1.1185211956416859e-01,1.1281292961363638e+00,1.7936772370779264e-01
1.1374998005779205e-01,1.1275581275474722e+00,1.8179347446150651e-01
1.1564795698768608e-01,1.1269880137251265e+00,1.8426427835951259e-01
1.1754583336188873e-01,1.1264185324660541e+00,1.8677986708778410e-01
1.1944339581169858e-01,1.1258492536772100e+00,1.8933996638043613e-01
1.2134043387373192e-01,1.1252797427149854e+00,1.9194429712524838e-01
1.2323674007981256e-01,1.1247095619336123e+00,1.9459257552125234e-01
1.2513210995697921e-01,1.1241382706851613e+00,1.9728451307874142e-01
1.2702634202749466e-01,1.1235654253195375e+00,2.0001981661928395e-01
1.2891923780882941e-01,1.1229905791844887e+00,2.0279818827570001e-01
1.3081060181367138e-01,1.1224132826255993e+00,2.0561932549207507e-01
1.3270024154992199e-01,1.1218330829862930e+00,2.0848292102375454e-01
1.3458796752070631e-01,1.1212495246078296e+00,2.1138866293735870e-01
1.3647359322435615e-01,1.1206621488293100e+00,2.1433623461075774e-01
1.3835693515441960e-01,1.1200704939876722e+00,2.1732531473308511e-01
1.4023781280008285e-01,1.1194740954210869e+00,2.2035557730498956e-01
1.4211604936213737e-01,1.1188724886210542e+00,2.2342669159360631e-01
1.4399147214985469e-01,1.1182652051920408e+00,2.2653832107112878e-01
1.4586391153706574e-01,1.1176517723817558e+00,2.2969012408057632e-01
1.4773320109712781e-01,1.1170317166091632e+00,2.3288175431010949e-01
1.4959917760293684e-01,1.1164045634644755e+00,2.3611286079305008e-01
1.5146168102692106e-01,1.1157698377091581e+00,2.3938308790787055e-01
1.5332055454105117e-01,1.1151270632759240e+00,2.4269207537821155e-01
1.5517564451682581e-01,1.1144757632687416e+00,2.4603945827285681e-01
1.5702680052527873e-01,1.1138154599628296e+00,2.4942486700574537e-01
1.5887387533698591e-01,1.1131456748046542e+00,2.5284792733598466e-01
1.6071672492205138e-01,1.1124659284119374e+00,2.5630826036782467e-01
1.6255520845011442e-01,1.1117757405736512e+00,2.5980548255067093e-01
1.6438918829035631e-01,1.1110746302500161e+00,2.6333920567909785e-01
1.6621853004435119e-01,1.1103621158215973e+00,2.6690903695218571e-01
1.6804310342378845e-01,1.1096377187134829e+00,2.7051457958117070e-01
1.6986278191708185e-01,1.1089009571999848e+00,2.7415543084599175e-01
1.7167744229327936e-01,1.1081513491801098e+00,2.7783118312092991e-01
1.7348696470365363e-01,1.1073884139239765e+00,2.8154142435800955e-01
1.7529123268169525e-01,1.1066116720728119e+00,2.8528573808698554e-01
1.7709013314312486e-01,1.1058206456389508e+00,2.8906370341536769e-01
1.7888355638587683e-01,1.1050148580058388e+00,2.9287489502838782e-01
1.8067139609010649e-01,1.1041938339280326e+00,2.9671888318901346e-01
1.8245354931819904e-01,1.1033570995311941e+00,3.0059523373796776e-01
1.8422991651475354e-01,1.1025041823120982e+00,3.0450350809369492e-01
1.8600040150658997e-01,1.1016346111386297e+00,3.0844326325237553e-01
1.8776491150275804e-01,1.1007479162497784e+00,3.1241405178794562e-01
1.8952335709452148e-01,1.0998436292556477e+00,3.1641542185206240e-01
1.9127565225718968e-01,1.0989212831650703e+00,3.2044691719393426e-01
1.9302171473766105e-01,1.0979804153600623e+00,3.2450807917665864e-01
1.9476146628624391e-01,1.0970205646416458e+00,3.2859844410840311e-01
1.9649483214410760e-01,1.0960412711019250e+00,3.3271754301687917e-01
1.9822174105291518e-01,1.0950420781793722e+00,3.3686490314813178e-01
1.9994212525482991e-01,1.0940225326588235e+00,3.4104004796655579e-01
2.0165592049249972e-01,1.0929821846714853e+00,3.4524249715485883e-01
2.0336306600906620e-01,1.0919205876949321e+00,3.4947176661408225e-01
2.0506350454817110e-01,1.0908372985531010e+00,3.5372736846361752e-01
2.0675718235394078e-01,1.0897318774163005e+00,3.5800881104116833e-01
2.0844404917099549e-01,1.0886038878012076e+00,3.6231559890277254e-01
2.1012405824445535e-01,1.0874528965708607e+00,3.6664723282281814e-01
2.1179716631992535e-01,1.0862784739346705e+00,3.7100320979400520e-01
2.1346333364350653e-01,1.0850801934484140e+00,3.7538302302737370e-01
2.1512252396179041e-01,1.0838576320142363e+00,3.7978616195228987e-01
2.1677470449532596e-01,1.0826103701275360e+00,3.8421211276807010e-01
2.1841984599354339e-01,1.0813379943191670e+00,3.8866036219747468e-01
2.2005792324512596e-01,1.0800400954015508e+00,3.9313039122602567e-01
2.2168891462534976e-01,1.0787162686814331e+00,3.9762167728537817e-01
2.2331280201914261e-01,1.0773661142594493e+00,4.0213369512931413e-01
2.2492957082109288e-01,1.0759892370301185e+00,4.0666591683376330e-01
2.2653920993545557e-01,1.0745852466818384e+00,4.1121781179682204e-01
2.2814171177613776e-01,1.0731537576968975e+00,4.1578884673871236e-01
2.2973707226670970e-01,1.0716943893514661e+00,4.2037848570181219e-01
2.3132529084039791e-01,1.0702067657156003e+00,4.2498619005063715e-01
2.3290637044009613e-01,1.0686905156532351e+00,4.2961141847187129e-01
2.3448031751835108e-01,1.0671452728221953e+00,4.3425362697432557e-01
2.3604714203736868e-01,1.0655706756741901e+00,4.3891226888895662e-01
