-1.8825086691201401e-01,-5.9674043067510301e+00,-7.4609191806790101e+00
-7.8498107473912421e-02,-6.0464695409856501e+00,-7.2206230416697972e+00
2.0408017377605336e-02,-6.1117089008946870e+00,-6.9838460152030128e+00
1.0931087207496720e-01,-6.1639512943617083e+00,-6.7507473622943301e+00
1.8903434770021402e-01,-6.2040130265916673e+00,-6.5214494895954882e+00
2.6037421926900206e-01,-6.2326947129743120e+00,-6.2960457561577776e+00
3.2409260602033008e-01,-6.2507783515352981e+00,-6.0746060078191810e+00
3.8091251211080279e-01,-6.2590256513967404e+00,-5.8571818805143909e+00
4.3151524895824744e-01,-6.2581759840163889e+00,-5.6438101581323057e+00
4.7653729576532755e-01,-6.2489455013723685e+00,-5.4345163690791587e+00
5.1656944395470117e-01,-6.2320261196538578e+00,-5.2293165656954432e+00
5.5215665289707083e-01,-6.2080841862930685e+00,-5.0282192460812407e+00
5.8379747762270917e-01,-6.1777608131642747e+00,-4.8312267080312399e+00
6.1194527291605538e-01,-6.1416709202041231e+00,-4.6383355388706677e+00
6.3700992072090357e-01,-6.1004022392873809e+00,-4.4495374559844887e+00
6.5935946402772683e-01,-6.0545162301705364e+00,-4.2648195504244750e+00
6.7932096184037183e-01,-6.0045480632202599e+00,-4.0841642579265169e+00
6.9718377616168603e-01,-5.9510053014482001e+00,-3.9075495933425639e+00
7.1320208687026398e-01,-5.8943684851374618e+00,-3.7349493082585630e+00
7.2759768095453148e-01,-5.8350921849611872e+00,-3.5663324348691732e+00
7.4056060491672082e-01,-5.7736050084283246e+00,-3.4016632519816046e+00
7.5225323095642360e-01,-5.7103090005991861e+00,-3.2409014934489857e+00
7.6281264850059227e-01,-5.6455804613757357e+00,-3.0840024500813441e+00
7.7235368454117048e-01,-5.5797714006983998e+00,-2.9309165089439442e+00
7.8096950235301377e-01,-5.5132096526976442e+00,-2.7815891396127812e+00
7.8873489137522890e-01,-5.4461990097054214e+00,-2.6359613362942977e+00
7.9570854194619900e-01,-5.3790201200917380e+00,-2.4939698135584112e+00
8.0193536936817178e-01,-5.3119322025956777e+00,-2.3555467370449708e+00
8.0744708618254279e-01,-5.2451732894276786e+00,-2.2206197547752136e+00
8.1226465677642512e-01,-5.1789607515133227e+00,-2.0891126356283682e+00
8.1640000371132304e-01,-5.1134923599188618e+00,-1.9609455640707634e+00
8.1985760162207022e-01,-5.0489481375425171e+00,-1.8360350180708753e+00
8.2263479859988597e-01,-4.9854906146570555e+00,-1.7142938168717068e+00
8.2472355411873632e-01,-4.9232655798170830e+00,-1.5956318481187133e+00
8.2611159047718474e-01,-4.8624029866401388e+00,-1.4799564965359246e+00
8.2678332326713799e-01,-4.8030190523472989e+00,-1.3671725799849190e+00
8.2672001972047904e-01,-4.7452164998351316e+00,-1.2571823703935816e+00
8.2590063904710098e-01,-4.6890853642480268e+00,-1.1498861111731298e+00
8.2430291613512707e-01,-4.6347033847677057e+00,-1.0451827988971047e+00
8.2190358151341292e-01,-4.5821382235477151e+00,-9.4297008831826123e-01
8.1867852628689841e-01,-4.5314481949650620e+00,-8.4314432147446927e-01
8.1460285558927314e-01,-4.4826823765244432e+00,-7.4560058722721623e-01
8.0965174637131565e-01,-4.4358815430447462e+00,-6.5023360870907010e-01
8.0380065083091434e-01,-4.3910788738886088e+00,-5.5693796669899676e-01
7.9702506522802885e-01,-4.3483016308315960e+00,-4.6560799086428145e-01
7.8930054986489040e-01,-4.3075713647359279e+00,-3.7613779399180108e-01
7.8060286325071782e-01,-4.2689042120286258e+00,-2.8842151129990085e-01
7.7090841377369901e-01,-4.2323116627059703e+00,-2.0235402251960111e-01
7.6019386290204904e-01,-4.1978015384395047e+00,-1.1783072056096718e-01
7.4843599633647662e-01,-4.1653786563040223e+00,-3.4747538732326874e-02
7.3561175752340169e-01,-4.1350449444655260e+00,4.6998947858560340e-02
7.2169840447745015e-01,-4.1068000083666281e+00,1.2751105078769551e-01
7.0667320752776197e-01,-4.0806418557686888e+00,2.0689008103661402e-01
6.9051329198291711e-01,-4.0565673323881590e+00,2.8523636262922308e-01
6.7319565900686484e-01,-4.0345723367180115e+00,3.6264905478323400e-01
6.5469709995070402e-01,-4.0146522766117263e+00,4.3922600396972655e-01
6.3499391145408579e-01,-3.9968026257346279e+00,5.1506383856468219e-01
6.1406182963716149e-01,-3.9810191022350963e+00,5.9025792758428175e-01
5.9187604239321712e-01,-3.9672978502961675e+00,6.6490219180978094e-01
5.6841086430082555e-01,-3.9556360204510916e+00,7.3908918343627605e-01
5.4363959296863384e-01,-3.9460320032919154e+00,8.1291013033805237e-01
5.1753444500716794e-01,-3.9384855406719086e+00,8.8645486860952116e-01
4.9006653489743035e-01,-3.9329978470383158e+00,9.5981172850676366e-01
4.6120547318688038e-01,-3.9295721837272692e+00,1.0330676482357362e+00
4.3091926951468457e-01,-3.9282139895853829e+00,1.1063081953234106e+00
3.9917423145140551e-01,-3.9289309460383990e+00,1.1796175375118614e+00
3.6593496681271853e-01,-3.9317329503474387e+00,1.2530783751414203e+00
3.3116396566953010e-01,-3.9366326503629789e+00,1.3267719946057794e+00
2.9482141288089647e-01,-3.9436456478623292e+00,1.4007782817562811e+00
2.5686514079911221e-01,-3.9527905048879735e+00,1.4751757147420759e+00
2.1725049452286169e-01,-3.9640886417003989e+00,1.5500413554073376e+00
1.7593013290089687e-01,-3.9775646094495238e+00,1.6254508341300828e+00
1.3285359220049667e-01,-3.9932464873969700e+00,1.7014782788513780e+00
8.7967250748260062e-02,-4.0111658958168430e+00,1.7781963090204422e+00
4.1214155671871464e-02,-4.0313578390434284e+00,1.8556760439633626e+00
-7.4661639075205956e-03,-4.0538607804230020e+00,1.9339870773360051e+00
-5.8138188594674289e-02,-4.0787170570304321e+00,2.0131972600215882e+00
-1.1087052397372513e-01,-4.1059728968604334e+00,2.0933726630551566e+00
-1.6573608153706171e-01,-4.1356781759666319e+00,2.1745775889523591e+00
-2.2281243640118273e-01,-4.1678865782422561e+00,2.2568743752691591e+00
-2.8218226582546957e-01,-4.2026558414230788e+00,2.3403231114310850e+00
-3.4393352055413268e-01,-4.2400475893295377e+00,2.4249815826193108e+00
-4.0815964208580569e-01,-4.2801271050086545e+00,2.5109051839241694e+00
-4.7496025886560400e-01,-4.3229636234906410e+00,2.5981463218492982e+00
-5.4444142574010745e-01,-4.3686302987442032e+00,2.6867542237997593e+00
-6.1671576410307627e-01,-4.4172036625657158e+00,2.7767749102749111e+00
-6.9190310373860897e-01,-4.4687636504786914e+00,2.8682504726874716e+00
-7.7013112889903579e-01,-4.5233937228788186e+00,2.9612183788370849e+00
-8.5153560427553376e-01,-4.5811804658369226e+00,3.0557112057986657e+00
-9.3626039638068437e-01,-4.6422127682477807e+00,3.1517565617043739e+00
-1.0244586172745205e+00,-4.7065817865174511e+00,3.2493753699017298e+00
-1.1162931093333432e+00,-4.7743808632548088e+00,3.3485811951592002e+00
-1.2119366609539892e+00,-4.8457045934578931e+00,3.4493796865129767e+00
-1.3115718628631332e+00,-4.9206476597536568e+00,3.5517683053310543e+00
-1.4153925350678611e+00,-4.9993042389068627e+00,3.6557333276622002e+00
-1.5236041562939364e+00,-5.0817677203471741e+00,3.7612489934718658e+00
-1.6364239163372072e+00,-5.1681290725043398e+00,3.8682764404741992e+00
-1.7540801730373317e+00,-5.2584749563745499e+00,3.9767632466515193e+00
-1.8768137432606282e+00,-5.3528859804329016e+00,4.0866385966408325e+00
-2.0048783400348151e+00,-5.4514359576821132e+00,4.1978117568726203e+00
-2.1385401974787257e+00,-5.5541897200526726e+00,4.3101706013428611e+00
-2.2780767682019878e+00,-5.6611993806828087e+00,4.4235802713000227e+00
-2.4237769087914547e+00,-5.7725011982935257e+00,4.5378767496732575e+00
-2.5759409901486139e+00,-5.8881133651663671e+00,4.6528634428634668e+00
-2.7348799073761785e+00,-6.0080334913825233e+00,4.7683096059387573e+00
-2.9009119582831384e+00,-6.1322317013901424e+00,4.8839470476761884e+00
-3.0743609246710650e+00,-6.2606457589204316e+00,4.9994623882955178e+00
-3.2555545430399948e+00,-6.3931765661968232e+00,5.1144914425182684e+00
-3.4448220606645030e+00,-6.5296842091346816e+00,5.2286170337956372e+00
-3.6424879495964477e+00,-6.6699777956459920e+00,5.3413637556763360e+00
-3.8488657444544323e+00,-6.8138073797539294e+00,5.4521880139045642e+00
-4.0642539496944412e+00,-6.9608582070457308e+00,5.5604723903789015e+00
-4.2889291730343233e+00,-7.1107428326671167e+00,5.6655222739530133e+00
-4.5231355246269622e+00,-7.2629884674630878e+00,5.7665587002775620e+00
-4.7670703227186202e+00,-7.4170258722177511e+00,5.8627086581863415e+00
-5.0208780341409529e+00,-7.5721844891273911e+00,5.9530024080190760e+00
-5.2846344940139609e+00,-7.7276786769313848e+00,6.0363694473861420e+00
-5.5583286684344575e+00,-7.8825954017079605e+00,6.1116321919096830e+00
-5.8418420382127669e+00,-8.0358872156533945e+00,6.1775061253168282e+00
-6.1349383087964950e+00,-8.1863679955584363e+00,6.2326018541080979e+00
-6.4372368806972666e+00,-8.3326967136115595e+00,6.2754226084185678e+00
-6.7481871343806530e+00,-8.4733805273515550e+00,6.3043782182141932e+00
-7.0670526481180111e+00,-8.6067781047735377e+00,6.3177982979631491e+00
-7.3928898155200811e+00,-8.7310972367489814e+00,6.3139435857077251e+00
-7.7245226999958714e+00,-8.8444036791042464e+00,6.2910275513523475e+00
-8.0605301300661534e+00,-8.9446514677015063e+00,6.2472618112147114e+00
-8.3992341168729858e+00,-9.0296955133820997e+00,6.1808784337328690e+00
-8.7386901181596830e+00,-9.0973261129244456e+00,6.0901740251398060e+00
-9.0766964039662899e+00,-9.1453245726975272e+00,5.9735773471870068e+00
-9.4107990599948472e+00,-9.1714981670554963e+00,5.8296856206703911e+00
-9.7383234716042200e+00,-9.1737537408730780e+00,5.6573370346324650e+00
-1.0056409897608452e+01,-9.1501616365941718e+00,5.4556747492173017e+00
-1.0362059075145519e+01,-9.0990216575775289e+00,5.2241932199354961e+00
-1.0652208420269139e+01,-9.0189492010235277e+00,4.9628130235262971e+00
-1.0923791364948785e+01,-8.9089329758965761e+00,4.6719095991570851e+00
-1.1173837917325603e+01,-8.7684101833484718e+00,4.3523561454499751e+00
-1.1399550299947187e+01,-8.5973125726497024e+00,4.0055385646821904e+00
-1.1598400484972482e+01,-8.3961064417828641e+00,3.6333455145258755e+00
-1.1768213204403626e+01,-8.1658082505818577e+00,3.2381552002569531e+00
-1.1907235221734531e+01,-7.9079833610615262e+00,2.8227780577684460e+00
-1.2014202561378658e+01,-7.6247101893375566e+00,2.3903990066000320e+00
-1.2088371009780875e+01,-7.3185422396680231e+00,1.9444952031577274e+00
-1.2129538423671796e+01,-6.9924229525281918e+00,1.4887355515313454e+00
-1.2138037417683766e+01,-6.6496129794783769e+00,1.0268912225171938e+00
-1.2114705808472863e+01,-6.2935838602898277e+00,5.6272496238498682e-01
-1.2060841388331010e+01,-5.9279228008264040e+00,9.9902297948133933e-02
-1.1978135905360448e+01,-5.5562265474777357e+00,-3.5809823657140727e-01
-1.1868602205632483e+01,-5.1820107369952151e+00,-8.0805497923490832e-01
-1.1734493201425487e+01,-4.8086237603930249e+00,-1.2470594131530366e+00
-1.1578220111433486e+01,-4.4391764241531630e+00,-1.6725546725980487e+00
-1.1402274947206578e+01,-4.0764887456289758e+00,-2.0823566519570642e+00
-1.1209159775464956e+01,-3.7230494447743978e+00,-2.4746604823200262e+00
-1.1001324141567352e+01,-3.3809956783395618e+00,-2.8480319310480526e+00
-1.0781115944120181e+01,-3.0521010261730326e+00,-3.2013908566349323e+00
-1.0550742069886777e+01,-2.7377846369645238e+00,-3.5339829124549960e+00
-1.0312240511600701e+01,-2.4391193573230563e+00,-3.8453495779850280e+00
-1.0067464073293936e+01,-2.1568584453842550e+00,-4.1352936657611714e+00
-9.8180720477651384e+00,-1.8914610121028519e+00,-4.4038418562274577e+00
-9.5655296931867397e+00,-1.6431209313767823e+00,-4.6512144632449379e+00
-9.3111149473709496e+00,-1.4118037409032926e+00,-4.8777877038959696e+00
-9.0559282205523832e+00,-1.1972746532747858e+00,-5.0840685540306625e+00
-8.8009054063717649e+00,-9.9913324557362693e-01,-5.2706650505393515e+00
-8.5468349737086058e+00,-8.1684346021755794e-01,-5.4382642743928189e+00
-8.2943718833113564e+00,-6.4976005964593808e-01,-5.5876122793739675e+00
-8.0440565909494310e+00,-4.9715682163283786e-01,-5.7194965851510178e+00
-7.7963283841736040e+00,-3.5824650577926931e-01,-5.8347331831448583e+00
-7.5515422999320814e+00,-2.3220370254366787e-01,-5.9341538822982294e+00
-7.3099811842437825e+00,-1.1818034122878657e-01,-6.0185980921545550e+00
-7.0718688128608198e+00,-1.5322076187436853e-02,-6.0889043988013576e+00
-6.8373800050659206e+00,7.7219767197772488e-02,-6.1459054211276536e+00
-6.6066500653684130e+00,1.6027731479298632e-01,-6.1904225127320656e+00
-6.3797823810076117e+00,2.3465771735830143e-01,-6.2232625533352950e+00
-6.1568550264833242e+00,3.0113621839562377e-01,-6.2452147232712614e+00
-5.9379258547566378e+00,3.6045097293919448e-01,-6.2570485626394179e+00
-5.7230368567445780e+00,4.1329921329090552e-01,-6.2595118394000799e+00
-5.5122175039670420e+00,4.6033413594714556e-01,-6.2533297462624464e+00
-5.3054869999619676e+00,5.0216408649796584e-01,-6.2392030419687163e+00
-5.1028566885312525e+00,5.3935091910974164e-01,-6.2178078693466343e+00
-4.9043309734701834e+00,5.7241022768728589e-01,-6.1897950745234045e+00
-4.7099084658570458e+00,6.0181251129692448e-01,-6.1557888242752741e+00
-4.5195827614080866e+00,6.2798393159598620e-01,-6.1163872421359695e+00
-4.3333425235898586e+00,6.5130726725199073e-01,-6.0721623128380440e+00
-4.1511719421380482e+00,6.7212451462759515e-01,-6.0236583683304872e+00
-3.9730508607552406e+00,6.9073950469533318e-01,-5.9713928198877939e+00
-3.7989545179520618e+00,7.0741978777568093e-01,-5.9158568702138048e+00
-3.6288534938172563e+00,7.2239783941705904e-01,-5.8575153887731481e+00
-3.4627139855239348e+00,7.3587509256331696e-01,-5.7968058845582302e+00
-3.3004977249350973e+00,7.4802443719202827e-01,-5.7341398243480981e+00
-3.1421615261671261e+00,7.5899300472458964e-01,-5.6699036457454932e+00
-2.9876572965852781e+00,7.6890270792031135e-01,-5.6044587935018590e+00
-2.8369324406251462e+00,7.7785425004029729e-01,-5.5381415948917709e+00
-2.6899299294653320e+00,7.8592930015701123e-01,-5.4712643126498666e+00
-2.5465879859156511e+00,7.9319299658753240e-01,-5.4041166693173395e+00
-2.4068401208661760e+00,7.9969458759940015e-01,-5.3369660373709991e+00
-2.2706157480041962e+00,8.0547027568780805e-01,-5.2700578482844831e+00
-2.1378403720199657e+00,8.1054507373643625e-01,-5.2036167524626524e+00
-2.0084354393740798e+00,8.1493458473538316e-01,-5.1378483009167573e+00
-1.8823184083084881e+00,8.1864541961129511e-01,-5.0729391981980472e+00
-1.7594035135499626e+00,8.2167729675627088e-01,-5.0090579843946621e+00
-1.6396020531535322e+00,8.2402428247348125e-01,-4.9463561870504087e+00
-1.5228223278833681e+00,8.2567591478115443e-01,-4.8849701944262236e+00
-1.4089696806756362e+00,8.2661738154896824e-01,-4.8250214640757960e+00
-1.2979472094857643e+00,8.2683082552200315e-01,-4.7666173663408706e+00
-1.1896563028133658e+00,8.2629626736986961e-01,-4.7098518376045124e+00
-1.0839965677461343e+00,8.2499210247808963e-01,-4.6548076303364496e+00
-9.8086585344069344e-01,8.2289523282660326e-01,-4.6015566540706141e+00
-8.8016050307304661e-01,8.1998135686994111e-01,-4.5501604054242586e+00
-7.8177634324120970e-01,8.1622610075878299e-01,-4.5006707559382093e+00
-6.8560857919535723e-01,8.1160490606806268e-01,-4.4531312547428534e+00
-5.9155182290992114e-01,8.0609307069410485e-01,-4.4075784744884103e+00
-4.9950010184219074e-01,7.9966575595262446e-01,-4.3640420387076038e+00
-4.0934739620467891e-01,7.9229836228914874e-01,-4.3225452514306477e+00
-3.2098817439870930e-01,7.8396691971874122e-01,-4.2831057768492018e+00
-2.3431715931405808e-01,7.7464765230954924e-01,-4.2457369715497171e+00
-1.4922937671683500e-01,7.6431694681267914e-01,-4.2104483005446109e+00
-6.5620314815068179e-02,7.5295141748373628e-01,-4.1772455222928082e+00
1.6613517897014169e-02,7.4052814566528702e-01,-4.1461313450969870e+00
9.7574764627127178e-02,7.2702432628032276e-01,-4.1171062415811068e+00
1.7736521702876398e-01,7.1241712505034072e-01,-4.0901689316581136e+00
2.5608564682515805e-01,6.9668371062139389e-01,-4.0653165806219809e+00
3.3383555424917494e-01,6.7980124692204880e-01,-4.0425452751460123e+00
4.1071328540835306e-01,6.6174657388621605e-01,-4.0218506738482898e+00
4.8681600990085977e-01,6.4249612823632152e-01,-4.0032282241420978e+00
5.6223951576734055e-01,6.2202595651193993e-01,-3.9866733808769665e+00
6.3707822570335881e-01,6.0031147544220409e-01,-3.9721821209671333e+00
7.1142526556995489e-01,5.7732726024883219e-01,-3.9597513094258527e+00
7.8537240704730005e-01,5.5304698828373822e-01,-3.9493788205252942e+00
8.5900991878093524e-01,5.2744343512359748e-01,-3.9410636694142123e+00
9.3242667721643080e-01,5.0048809763900837e-01,-3.9348065880227057e+00
1.0057101981095575e+00,4.7215107428658171e-01,-3.9306101975871215e+00
1.0789466009331603e+00,4.4240097730714278e-01,-3.9284790870869228e+00
1.1522205172685938e+00,4.1120493208448800e-01,-3.9284198279520974e+00
1.2256151688202479e+00,3.7852817109204528e-01,-3.9304415144568643e+00
1.2992123897186927e+00,3.4433386743805167e-01,-3.9345559584416576e+00
1.3730926168611570e+00,3.0858307215690778e-01,-3.9407777103621542e+00
1.4473348643910844e+00,2.7123462363202883e-01,-3.9491239789688355e+00
1.5220167205079027e+00,2.3224491226997004e-01,-3.9596149540066996e+00
1.5972143167566273e+00,1.9156747948202574e-01,-3.9722741941499762e+00
1.6730023252728570e+00,1.4915299717631295e-01,-3.9871286358368709e+00
1.7494539584061826e+00,1.0494909589061542e-01,-4.0042084697200666e+00
1.8266409722925356e+00,5.8900227132128447e-02,-4.0235471848166204e+00
1.9046334880108182e+00,1.0947165189644954e-02,-4.0451820338393842e+00
1.9834999562154063e+00,-3.8973112570137837e-02,-4.0691540839449516e+00
2.0633071650553982e+00,-9.0927583741642476e-02,-4.0955080309589329e+00
2.1441201593560080e+00,-1.4498744284870066e-01,-4.1242922320544206e+00
2.2260019502104078e+00,-2.0122858506686825e-01,-4.1555590514715846e+00
2.3090134523867323e+00,-2.5973176813111809e-01,-4.1893648095016607e+00
2.3932134653669674e+00,-3.2058280313100124e-01,-4.2257695047097785e+00
2.4786582356112539e+00,-3.8387311576201816e-01,-4.2648370741703356e+00
2.5654012073743506e+00,-4.4970007968909842e-01,-4.3066354731576517e+00
2.6534929943112213e+00,-5.1816716829306175e-01,-4.3512362733961734e+00
2.7429809368771845e+00,-5.8938441719992407e-01,-4.3987145962914607e+00
2.8339083991315865e+00,-6.6346912794778556e-01,-4.4491493138056173e+00
2.9263145614348511e+00,-7.4054607823638130e-01,-4.5026227999842554e+00
3.0202343673763870e+00,-8.2074759653792173e-01,-4.5592201841974838e+00
3.1156971928014876e+00,-9.0421453333562452e-01,-4.6190293954709958e+00
3.2127261591967526e+00,-9.9109680589339111e-01,-4.6821411426495390e+00
3.3113376998340383e+00,-1.0815536295102437e+00,-4.7486481947919881e+00
3.4115413704678303e+00,-1.1757534412110002e+00,-4.8186443528571319e+00
3.5133373460643544e+00,-1.2738752551950641e+00,-4.8922241040286547e+00
3.6167156476614699e+00,-1.3761091098296232e+00,-4.9694824169780425e+00
3.7216552794591626e+00,-1.4826562010240891e+00,-5.0505133802504041e+00
3.8281238385422851e+00,-1.5937285087923521e+00,-5.1354086086657835e+00
3.9360733905845806e+00,-1.7095502022878855e+00,-5.2242559760306619e+00
4.0454392433142967e+00,-1.8303580867301656e+00,-5.3171390831110426e+00
4.1561385353839322e+00,-1.9564014131247742e+00,-5.4141352129091622e+00
4.2680694561744899e+00,-2.0879408903206231e+00,-5.5153124626599164e+00
4.3811051908592509e+00,-2.2252493609422559e+00,-5.6207270029248022e+00
4.4950912516647090e+00,-2.3686121364828430e+00,-5.7304215097232198e+00
4.6098440519767614e+00,-2.5183262925588110e+00,-5.8444229525927911e+00
4.7251481948698215e+00,-2.6746982778302786e+00,-5.9627366398104096e+00
4.8407495264267153e+00,-2.8380428714966119e+00,-6.0853422560239743e+00
4.9563498691764352e+00,-3.0086823335513988e+00,-6.2121899360762560e+00
5.0716052161208465e+00,-3.1869447532753767e+00,-6.3431971969944012e+00
5.1861211579906561e+00,-3.3731589634678603e+00,-6.4782398166856412e+00
5.2994438473355352e+00,-3.5676502166062734e+00,-6.6171450338107816e+00
5.4110537672107757e+00,-3.7707368473992156e+00,-6.7596858031163940e+00
5.5203629075151719e+00,-3.9827256436023415e+00,-6.9055748848192842e+00
5.6267082560527308e+00,-4.2039027287454864e+00,-7.0544526709034763e+00
5.7293413478996653e+00,-4.4345225669318884e+00,-7.2058769116061336e+00
5.8274240966040241e+00,-4.6748022451712261e+00,-7.3593171299993392e+00
5.9200250394603833e+00,-4.9249095264768492e+00,-7.5141432785107840e+00
6.0061116604921194e+00,-5.1849477104104906e+00,-7.6696123009541077e+00
6.0845459949142260e+00,-5.4549360056870206e+00,-7.8248585240861956e+00
6.1540846991389557e+00,-5.7348015542649984e+00,-7.9788894427173913e+00
6.2133757064831556e+00,-6.0243562166713573e+00,-8.1305693077803767e+00
6.2609613644313011e+00,-6.3232727034479579e+00,-8.2786139018252527e+00
6.2952881735538835e+00,-6.6310654148419683e+00,-8.4215904699230233e+00
6.3147141901973391e+00,-6.9470734244281465e+00,-8.5579139022466979e+00
6.3175165914580562e+00,-7.2704320031543315e+00,-8.6858412018319875e+00
6.3019300884297014e+00,-7.6000518996541917e+00,-8.8034944918928009e+00
6.2661642690976889e+00,-7.9346082429704872e+00,-8.9088688670107299e+00
6.2084309435333678e+00,-8.2725178511096846e+00,-8.9998461058025470e+00
6.1270030484044415e+00,-8.6119368598668053e+00,-9.0742413968775555e+00
6.0202545754772983e+00,-8.9507592238172702e+00,-9.1298336942424836e+00
5.8867065854749869e+00,-9.2866209207138652e+00,-9.1644096820058465e+00
5.7251071506987783e+00,-9.6169293810976750e+00,-9.1758370313583040e+00
5.5344734434085625e+00,-9.9388849747482517e+00,-9.1621119591786382e+00
5.3141628383064727e+00,-1.0249536483450328e+01,-9.1214424926288320e+00
5.0639336335755116e+00,-1.0545836408556054e+01,-9.0523178024561552e+00
4.7839818530810510e+00,-1.0824708342109666e+01,-8.9535772034832242e+00
4.4749967779051811e+00,-1.1083139296796222e+01,-8.8244857275420650e+00
4.1381684775455732e+00,-1.1318252218918568e+01,-8.6647833193204740e+00
3.7752010494865540e+00,-1.1527412656303893e+01,-8.4747342500255325e+00
3.3882951004043500e+00,-1.1708300382948085e+01,-8.2551494281742901e+00
2.9801030995124842e+00,-1.1858999077759410e+01,-8.0073899588262041e+00
2.5536827690060031e+00,-1.1978055979400891e+01,-7.7333477876650640e+00
2.1124092376044841e+00,-1.2064528347558840e+01,-7.4354073911425882e+00
1.6598930319124259e+00,-1.2118012369767611e+01,-7.1163731046052661e+00
1.1998789370451823e+00,-1.2138642405930142e+01,-6.7794013417941983e+00
7.3614383622146018e-01,-1.2127072190987287e+01,-6.4278938770446796e+00
2.7240064014590354e-01,-1.2084434572576214e+01,-6.0654084959634540e+00
-1.8779324364968336e-01,-1.2012282217131453e+01,-5.6955488190451158e+00
-6.4111273772956667e-01,-1.1912517294243537e+01,-5.3218717686272834e+00
-1.0845268797262606e+00,-1.1787312661087274e+01,-4.9477971265324845e+00
-1.5153440820705359e+00,-1.1639029828806384e+01,-4.5765317278220268e+00
-1.9312395391228063e+00,-1.1470139098029085e+01,-4.2110092985240932e+00
-2.3302669113217398e+00,-1.1283147163436858e+01,-3.8538465066426388e+00
-2.7108550199953658e+00,-1.1080528702428078e+01,-3.5073125173699986e+00
-3.0717946679791708e+00,-1.0864675938625053e+01,-3.1733176709439137e+00
-3.4122123448178887e+00,-1.0637851224492437e+01,-2.8534123697781610e+00
-3.7315441365640813e+00,-1.0402158678169723e+01,-2.5487956212272058e+00
-4.0294981714724178e+00,-1.0159521570540052e+01,-2.2603387525391243e+00
-4.3060223421741153e+00,-9.9116719255244607e+00,-1.9886058237974840e+00
-4.5612687023285403e+00,-9.6601468340758423e+00,-1.7338865262993224e+00
-4.7955579879288193e+00,-9.4062937163211267e+00,-1.4962285395260557e+00
-5.0093528222046535e+00,-9.1512771864054194e+00,-1.2754667231653676e+00
-5.2032253338763885e+00,-8.8960933844834962e+00,-1.0712602062566612e+00
-5.3778362985784174e+00,-8.6415838181276641e+00,-8.8311943403785931e-01
-5.5339114626359898e+00,-8.3884512339930186e+00,-7.1043703462500107e-01
-5.6722248964346313e+00,-8.1372773091434372e+00,-5.5251434483263451e-01
-5.7935833155601593e+00,-7.8885368691474786e+00,-4.0858402730126031e-01
-5.8988138314010117e+00,-7.6426152360290445e+00,-2.7783323999745047e-01
-5.9887540204354401e+00,-7.3998202872386392e+00,-1.5941998101597138e-01
-6.0642434798853211e+00,-7.1603968946317709e+00,-5.2491080342007466e-02
-6.1261177339406414e+00,-6.9245367496995121e+00,4.3805929236095331e-02
-6.1752027681003003e+00,-6.6923891162779947e+00,1.3031023173478631e-01
-6.2123112764107695e+00,-6.4640683559148897e+00,2.0783935441463827e-01
-6.2382393389732460e+00,-6.2396614279127833e+00,2.7718101577615556e-01
-6.2537640417035139e+00,-6.0192330755828412e+00,3.3908790823285223e-01
-6.2596414905341842e+00,-5.8028309124807809e+00,3.9427275534260253e-01
-6.2566054732505565e+00,-5.5904886363810684e+00,4.4340554440283469e-01
-6.2453658278948350e+00,-5.3822290721631827e+00,4.8711162110852640e-01
-6.2266083007980910e+00,-5.1780663808602778e+00,5.2596991700427731e-01
-6.2009929613356354e+00,-4.9780072895307645e+00,5.6051350447046044e-01
-6.1691538991669539e+00,-4.7820525826593716e+00,5.9122984259523315e-01
-6.1316995433757766e+00,-4.5901976578787673e+00,6.1856103747089941e-01
-6.0892113725550647e+00,-4.4024329160622493e+00,6.4290577568180907e-01
-6.0422435449618215e+00,-4.2187443306948529e+00,6.6462146553539370e-01
-5.9913239359731305e+00,-4.0391133290702497e+00,6.8402639425471401e-01
-5.9369541169760458e+00,-3.8635167419799048e+00,7.0140042024288696e-01
-5.8796082036285275e+00,-3.6919269306903058e+00,7.1698881451116725e-01
-5.8197334210176308e+00,-3.5243119883040719e+00,7.3100461569208253e-01
-5.7577514244668926e+00,-3.3606351941705230e+00,7.4363187877208103e-01
-5.6940583542922028e+00,-3.2008549698557269e+00,7.5502620325690095e-01
-5.6290245701645985e+00,-3.0449251102831987e+00,7.6531837499942057e-01
-5.5629952045065254e+00,-2.8927949997584705e+00,7.7461695808651287e-01
-5.4962918876239222e+00,-2.7444091963419912e+00,7.8301116316243846e-01
-5.4292129541629315e+00,-2.5997073993995672e+00,7.9057156134828388e-01
-5.3620337434638143e+00,-2.4586249031571881e+00,7.9735281599489027e-01
-5.2950073782261624e+00,-2.3210929246391112e+00,8.0339593534452491e-01
-5.2283666506189128e+00,-2.1870383749724747e+00,8.0873042798323658e-01
-5.1623243188731855e+00,-2.0563838782020425e+00,8.1337482644450521e-01
-5.0970737168190814e+00,-1.9290483905410751e+00,8.1733874558663233e-01
-5.0327896468688804e+00,-1.8049476289009818e+00,8.2062448967505275e-01
-4.9696304229704165e+00,-1.6839939650464268e+00,8.2322846931947324e-01
-4.9077381593418767e+00,-1.5660964515594917e+00,8.2514148266441623e-01
-4.8472395501017509e+00,-1.4511614379430364e+00,8.2635003460350498e-01
-4.7882464920255554e+00,-1.3390931903451724e+00,8.2683752256688792e-01
-4.7308583446434849e+00,-1.2297938175889453e+00,8.2658494107196934e-01
-4.6751623677729963e+00,-1.1231632958572721e+00,8.2557109187507161e-01
-4.6212342133010464e+00,-1.0190997338991581e+00,8.2377295200287248e-01
-4.5691386054386571e+00,-9.1750035515113637e-01,8.2116692645613409e-01
-4.5189308243046993e+00,-8.1826143864278500e-01,8.1772886979107529e-01
-4.4706580972403822e+00,-7.2127834243341815e-01,8.1343422635727436e-01
-4.4243596169558312e+00,-6.2644550900880303e-01,8.0825803591566947e-01
-4.3800672210674314e+00,-5.3365702182883690e-01,8.0217537945488593e-01
-4.3378060680299058e+00,-4.4280723608669953e-01,7.9516192309684153e-01
-4.2975961006128163e+00,-3.5379052766271613e-01,7.8719349621393941e-01
-4.2594525733520960e+00,-2.6650135199956010e-01,7.7824607645007005e-01
-4.2233861892603901e+00,-1.8083435166074002e-01,7.6829583812335611e-01
-4.1894037897878142e+00,-9.6685015891733755e-02,7.5731950211598742e-01
-4.1575091665516242e+00,-1.3949582135106390e-02,7.4529406448166124e-01
-4.1277037921379778e+00,6.7474998357466287e-02,7.3219657442879971e-01
-4.0999869402581659e+00,1.4769097425080691e-01,7.1800415195846845e-01
-4.0743561643643522e+00,2.2679940288098496e-01,7.0269408667250732e-01
-4.0508079691699939e+00,3.0490023094262819e-01,6.8624355671461967e-01
-4.0293382085694773e+00,3.8209231889661172e-01,6.6862946503903409e-01
-4.0099422866101193e+00,4.5847327844234548e-01,6.4982844480818880e-01
-3.9926155647182289e+00,5.3413935136881852e-01,6.2981676110354146e-01
-3.9773539092946688e+00,6.0918550885377609e-01,6.0857001241530062e-01
-3.9641538303083514e+00,6.8370542914354759e-01,5.8606306623297666e-01
-3.9530126316822827e+00,7.5779131986411441e-01,5.6227006228927201e-01
-3.9439289150309280e+00,8.3153397887894931e-01,5.3716412202523078e-01
-3.9369028883212533e+00,9.0502285624130685e-01,5.1071714631197396e-01
-3.9319364392197844e+00,9.7834602698322026e-01,4.8289975317324418e-01
-3.9290331866280570e+00,1.0515900684604143e+00,4.5368126477439380e-01
-3.9281989634908938e+00,1.1248401369326222e+00,4.2302937163583526e-01
-3.9294420888375274e+00,1.1981800090450523e+00,3.9090991639498901e-01
-3.9327733967369793e+00,1.2716920738698048e+00,3.5728684089675039e-01
-3.9382061933316335e+00,1.3454572849903517e+00,3.2212210550373499e-01
-3.9457565401398478e+00,1.4195551686524412e+00,2.8537549008807023e-01
-3.9554436882800119e+00,1.4940638256233962e+00,2.4700418161954343e-01
-3.9672900937646398e+00,1.5690599298435113e+00,2.0696275384377402e-01
-3.9813213443416040e+00,1.6446187173885132e+00,1.6520300880674071e-01
-3.9975661399198565e+00,1.7208140073844367e+00,1.2167388497021624e-01
-4.0160567992636320e+00,1.7977180693704464e+00,7.6320968632114169e-02
-4.0368293526250598e+00,1.8754015855376942e+00,2.9086341896101337e-02
-4.0599234352973532e+00,1.9539336491232242e+00,-2.0091536036373526e-02
-4.0853821732421274e+00,2.0333817673311727e+00,-7.1278029791457614e-02
-4.1132526033473278e+00,2.1138116017826443e+00,-1.2454279772230409e-01
-4.1435857345846543e+00,2.1952868785040982e+00,-1.7995999912956928e-01
-4.1764363024792734e+00,2.2778693887131487e+00,-2.3760846058133522e-01
-4.2118628604972796e+00,2.3616187633899175e+00,-2.9757205147074756e-01
-4.2499280178976342e+00,2.4465921317843216e+00,-3.5994015684371472e-01
-4.2906982391896991e+00,2.5328440424379370e+00,-4.2480786403727877e-01
-4.3342435693557135e+00,2.6204263567807669e+00,-4.9227617099287330e-01
-4.3806379058508949e+00,2.7093875090389141e+00,-5.6245277351993828e-01
-4.4299589565192354e+00,2.7997722923411072e+00,-6.3545230259761809e-01
-4.4822875979526877e+00,2.8916217936529378e+00,-7.1139647166898468e-01
-4.5377077954083500e+00,2.9849726250088713e+00,-7.9041467919404995e-01
-4.5963066902676513e+00,3.0798559793078044e+00,-8.7264480625261087e-01
-4.6581742509070780e+00,3.1762973443064788e+00,-9.5823341651821148e-01
-4.7234021912775015e+00,3.2743163624660743e+00,-1.0473357680873108e+00
-4.7920837810706578e+00,3.3739250651182418e+00,-1.1401168206116552e+00
-4.8643136577550266e+00,3.4751267294150994e+00,-1.2367519703195768e+00
-4.9401870569949669e+00,3.5779153151210830e+00,-1.3374272208646310e+00
-5.0197981252892703e+00,3.6822751472894093e+00,-1.4423389292205819e+00
-5.1032391259256418e+00,3.7881778453811847e+00,-1.5516949638965225e+00
-5.1905998186421796e+00,3.8955806019817469e+00,-1.6657154455006644e+00
-5.2819662705245856e+00,4.0044252808914784e+00,-1.7846327475652424e+00
-5.3774179751403848e+00,4.1146376316934710e+00,-1.9086907488478735e+00
-5.4770259906414180e+00,4.2261228435164480e+00,-2.0381454961190868e+00
-5.5808512089815547e+00,4.3387621845766446e+00,-2.1732658850094939e+00
-5.6889431459714652e+00,4.4524121390588487e+00,-2.3143333761567582e+00
-5.8013345636147928e+00,4.5669020134077662e+00,-2.4616401751052654e+00
-5.9180384759965889e+00,4.6820289113866247e+00,-2.6154885736194569e+00
-6.0390440577459703e+00,4.7975514945795315e+00,-2.7761905698045162e+00
-6.1643150216475293e+00,4.9131888454689578e+00,-2.9440671662228199e+00
-6.2937814603814370e+00,5.0286164845069123e+00,-3.1194443109221646e+00
-6.4273343814189960e+00,5.1434595839828452e+00,-3.3026499039384878e+00
-6.5648191000947751e+00,5.2572848006361381e+00,-3.4940106415837491e+00
-6.7060321613112865e+00,5.3695984838418145e+00,-3.6938499091033679e+00
-6.8507095237564304e+00,5.4798409154457959e+00,-3.9024797078236011e+00
-6.9985178897595164e+00,5.5873770636648539e+00,-4.1201929656980765e+00
-7.1490469703465811e+00,5.6914893799111228e+00,-4.3472567260277915e+00
-7.3018027801360024e+00,5.7913752634022746e+00,-4.5839054653483062e+00
-7.4561927460686599e+00,5.8861396401314039e+00,-4.8303275092786562e+00
-7.6115151827687617e+00,5.9747871140109741e+00,-5.0866483497186117e+00
-7.7669536850895557e+00,6.0562195489263591e+00,-5.3529220041931769e+00
-7.9215645427542380e+00,6.1292338164030937e+00,-5.6291141171187782e+00
-8.0742641745009323e+00,6.1925169005061562e+00,-5.9150812165753326e+00
-8.2238253376454225e+00,6.2446517238507928e+00,-6.2105468437996949e+00
-8.3688744919160527e+00,6.2841211665956935e+00,-6.5150910361683563e+00
-8.5078781619109805e+00,6.3093096263967547e+00,-6.8281214387129614e+00
-8.6391526849330287e+00,6.3185246552924887e+00,-7.1488488704068223e+00
-8.7608733680756519e+00,6.3100178081423310e+00,-7.4762716259460387e+00
-8.8710771263320876e+00,6.2820004042154975e+00,-7.8091555258524892e+00
-8.9676835030464392e+00,6.2326770947312111e+00,-8.1460138069450778e+00
-9.0485332991450740e+00,6.1602987057238465e+00,-8.4851019589119066e+00
-9.1114092888439266e+00,6.0631903516184220e+00,-8.8244100127861351e+00
-9.1540902622925575e+00,5.9398118063188132e+00,-9.1616690518733108e+00
-9.1744086955767674e+00,5.7888233098654744e+00,-9.4943700096913073e+00
-9.1703003494776780e+00,5.6091282461503749e+00,-9.8197830486355944e+00
-9.1398900075932907e+00,5.3999547560039574e+00,-1.0135010947550050e+01
-9.0815502844036509e+00,5.1609030377565723e+00,-1.0437031250819883e+01
-8.9939823712321036e+00,4.8919993368425940e+00,-1.0722770956721137e+01
-8.8762855773847669e+00,4.5937483858092891e+00,-1.0989183831830443e+01
-8.7280151377791775e+00,4.2671475648239996e+00,-1.1233329424498159e+01
-8.5492366177276384e+00,3.9137133413354315e+00,-1.1452475320338639e+01
-8.3405547866770569e+00,3.5354620292137313e+00,-1.1644170432570114e+01
-8.1031253872150266e+00,3.1348830311329561e+00,-1.1806342732047423e+01
-7.8386477348744448e+00,2.7148931101917637e+00,-1.1937357259487266e+01
-7.5493270994760122e+00,2.2787550441513971e+00,-1.2036077509854433e+01
-7.2378193240416930e+00,1.8300056274020473e+00,-1.2101897154831397e+01
-6.9071614630876006e+00,1.3723497602153958e+00,-1.2134750004271114e+01
-6.5606730280841203e+00,9.0956464853320163e-01,-1.2135099880693494e+01
-6.2018672149505791e+00,4.4539803646475762e-01,-1.2103906556428118e+01
-5.8343412649166257e+00,-1.6524670352712129e-02,-1.2042573634466267e+01
-5.4616808992989032e+00,-4.7278362912168526e-01,-1.1952881568923392e+01
-5.0873666987819544e+00,-9.2023170309832703e-01,-1.1836911735721552e+01
-4.7146929038417742e+00,-1.3560464514641470e+00,-1.1696964628833998e+01
-4.3467011880422435e+00,-1.7777639083841850e+00,-1.1535478838492542e+01
-3.9861314591737820e+00,-2.1832958765867372e+00,-1.1354955982582402e+01
-3.6353838782187973e+00,-2.5709322838874455e+00,-1.1157889034401183e+01
-3.2965050356687975e+00,-2.9393310427485249e+00,-1.0946707629236364e+01
-2.9711777794936252e+00,-3.2874961690585955e+00,-1.0723725873451416e+01
-2.6607309864439928e+00,-3.6147527001952926e+00,-1.0491110913239014e+01
-2.3661562944890542e+00,-3.9207099933413292e+00,-1.0250854816832865e+01
-2.0881279082730826e+00,-4.2052318234012400e+00,-1.0004761931014722e+01
-1.8270358473519366e+00,-4.4683969390409608e+00,-9.7544420606674400e+00
-1.5830135021230836e+00,-4.7104672582624429e+00,-9.5013128742004991e+00
-1.3559711449872871e+00,-4.9318561864799104e+00,-9.2466054465914986e+00
-1.1456308843256606e+00,-5.1330971905039142e+00,-8.9913779066466457e+00
-9.5155401227475500e-01,-5.3148214482547420e+00,-8.7365270423035035e+00
-7.7317482577419616e-01,-5.4777320170915331e+00,-8.4828059258637136e+00
-6.0982537935888115e-01,-5.6225873041312635e+00,-8.2308394442419637e+00
-4.6076143509023348e-01,-5.7501831058178627e+00,-7.9811403665184972e+00
-3.2518499291818398e-01,-5.8613404311127120e+00,-7.7341259915185718e+00
-2.0226264873753450e-01,-5.9568938536170464e+00,-7.4901312428817448e+00
